,Combo,Iteration,Blue-Count-start,Green-Count-start,Green-Territory-0,Blue-Territory-0,Green-Territory-50,Blue-Territory-50,Green-Territory-100,Blue-Territory-100,Green-Territory-150,Blue-Territory-150,Green-Territory-200,Blue-Territory-200,Green-Territory-250,Blue-Territory-250,Green-Territory-300,Blue-Territory-300,Green-Avg-Territory-0,Blue-Avg-Territory-0,Green-Avg-Territory-50,Blue-Avg-Territory-50,Green-Avg-Territory-100,Blue-Avg-Territory-100,Green-Avg-Territory-150,Blue-Avg-Territory-150,Green-Avg-Territory-200,Blue-Avg-Territory-200,Green-Avg-Territory-250,Blue-Avg-Territory-250,Green-Avg-Territory-300,Blue-Avg-Territory-300
0,0,1,15,15,0.0,0.0,359.0,400.0,415.0,478.0,417.0,483.0,417.0,482.0,417.0,482.0,417.0,482.0,0.0,0.0,391.65,402.2,446.2,463.8,452.75,469.0,453.6,471.85,462.8125,464.5,460.0,467.5
1,0,2,15,15,0.0,0.0,420.0,389.0,470.0,455.0,474.0,457.0,473.0,457.0,474.0,458.0,474.0,458.0,0.0,0.0,391.65,402.2,446.2,463.8,452.75,469.0,453.6,471.85,462.8125,464.5,460.0,467.5
2,0,3,15,15,0.0,0.0,334.0,407.0,416.0,477.0,422.0,484.0,420.0,484.0,420.0,484.0,420.0,484.0,0.0,0.0,391.65,402.2,446.2,463.8,452.75,469.0,453.6,471.85,462.8125,464.5,460.0,467.5
3,0,4,15,15,0.0,0.0,421.0,369.0,502.0,409.0,504.0,411.0,508.0,412.0,508.0,412.0,508.0,412.0,0.0,0.0,391.65,402.2,446.2,463.8,452.75,469.0,453.6,471.85,462.8125,464.5,460.0,467.5
4,0,5,15,15,0.0,0.0,405.0,447.0,435.0,488.0,435.0,500.0,435.0,500.0,435.0,500.0,,,0.0,0.0,391.65,402.2,446.2,463.8,452.75,469.0,453.6,471.85,462.8125,464.5,460.0,467.5
5,0,6,15,15,0.0,0.0,361.0,440.0,427.0,511.0,432.0,516.0,433.0,516.0,426.0,516.0,426.0,516.0,0.0,0.0,391.65,402.2,446.2,463.8,452.75,469.0,453.6,471.85,462.8125,464.5,460.0,467.5
6,0,7,15,15,0.0,0.0,346.0,443.0,385.0,541.0,385.0,541.0,392.0,550.0,396.0,552.0,396.0,554.0,0.0,0.0,391.65,402.2,446.2,463.8,452.75,469.0,453.6,471.85,462.8125,464.5,460.0,467.5
7,0,8,15,15,0.0,0.0,403.0,411.0,438.0,475.0,446.0,477.0,446.0,477.0,,,,,0.0,0.0,391.65,402.2,446.2,463.8,452.75,469.0,453.6,471.85,462.8125,464.5,460.0,467.5
8,0,9,15,15,0.0,0.0,402.0,391.0,422.0,478.0,432.0,507.0,432.0,513.0,432.0,513.0,432.0,513.0,0.0,0.0,391.65,402.2,446.2,463.8,452.75,469.0,453.6,471.85,462.8125,464.5,460.0,467.5
9,0,10,15,15,0.0,0.0,418.0,383.0,499.0,419.0,505.0,424.0,506.0,424.0,508.0,424.0,508.0,424.0,0.0,0.0,391.65,402.2,446.2,463.8,452.75,469.0,453.6,471.85,462.8125,464.5,460.0,467.5
10,0,11,15,15,0.0,0.0,394.0,435.0,425.0,480.0,436.0,480.0,436.0,480.0,436.0,480.0,436.0,480.0,0.0,0.0,391.65,402.2,446.2,463.8,452.75,469.0,453.6,471.85,462.8125,464.5,460.0,467.5
11,0,12,15,15,0.0,0.0,435.0,362.0,503.0,413.0,505.0,415.0,506.0,417.0,506.0,417.0,506.0,417.0,0.0,0.0,391.65,402.2,446.2,463.8,452.75,469.0,453.6,471.85,462.8125,464.5,460.0,467.5
12,0,13,15,15,0.0,0.0,388.0,335.0,471.0,418.0,474.0,420.0,474.0,420.0,,,,,0.0,0.0,391.65,402.2,446.2,463.8,452.75,469.0,453.6,471.85,462.8125,464.5,460.0,467.5
13,0,14,15,15,0.0,0.0,454.0,382.0,497.0,409.0,526.0,406.0,530.0,407.0,530.0,407.0,,,0.0,0.0,391.65,402.2,446.2,463.8,452.75,469.0,453.6,471.85,462.8125,464.5,460.0,467.5
14,0,15,15,15,0.0,0.0,389.0,413.0,423.0,477.0,430.0,488.0,431.0,489.0,431.0,489.0,431.0,489.0,0.0,0.0,391.65,402.2,446.2,463.8,452.75,469.0,453.6,471.85,462.8125,464.5,460.0,467.5
15,0,16,15,15,0.0,0.0,452.0,375.0,541.0,378.0,544.0,378.0,544.0,378.0,544.0,378.0,544.0,378.0,0.0,0.0,391.65,402.2,446.2,463.8,452.75,469.0,453.6,471.85,462.8125,464.5,460.0,467.5
16,0,17,15,15,0.0,0.0,389.0,364.0,424.0,439.0,425.0,460.0,426.0,498.0,426.0,505.0,426.0,523.0,0.0,0.0,391.65,402.2,446.2,463.8,452.75,469.0,453.6,471.85,462.8125,464.5,460.0,467.5
17,0,18,15,15,0.0,0.0,377.0,359.0,484.0,414.0,516.0,415.0,516.0,415.0,516.0,415.0,516.0,415.0,0.0,0.0,391.65,402.2,446.2,463.8,452.75,469.0,453.6,471.85,462.8125,464.5,460.0,467.5
18,0,19,15,15,0.0,0.0,267.0,512.0,289.0,625.0,289.0,626.0,289.0,626.0,,,,,0.0,0.0,391.65,402.2,446.2,463.8,452.75,469.0,453.6,471.85,462.8125,464.5,460.0,467.5
19,0,20,15,15,0.0,0.0,419.0,427.0,458.0,492.0,458.0,492.0,458.0,492.0,,,,,0.0,0.0,391.65,402.2,446.2,463.8,452.75,469.0,453.6,471.85,462.8125,464.5,460.0,467.5
20,1,1,15,20,0.0,0.0,306.0,544.0,330.0,596.0,326.0,606.0,326.0,606.0,326.0,606.0,326.0,606.0,0.0,0.0,341.4,484.95,372.6,542.85,375.1,547.8,375.75,546.1,377.94736842105266,545.8421052631579,374.1875,548.3125
21,1,2,15,20,0.0,0.0,352.0,489.0,361.0,554.0,364.0,554.0,365.0,556.0,365.0,566.0,365.0,566.0,0.0,0.0,341.4,484.95,372.6,542.85,375.1,547.8,375.75,546.1,377.94736842105266,545.8421052631579,374.1875,548.3125
22,1,3,15,20,0.0,0.0,426.0,477.0,450.0,487.0,453.0,487.0,454.0,487.0,463.0,491.0,463.0,491.0,0.0,0.0,341.4,484.95,372.6,542.85,375.1,547.8,375.75,546.1,377.94736842105266,545.8421052631579,374.1875,548.3125
23,1,4,15,20,0.0,0.0,264.0,499.0,307.0,603.0,318.0,609.0,319.0,610.0,319.0,610.0,319.0,610.0,0.0,0.0,341.4,484.95,372.6,542.85,375.1,547.8,375.75,546.1,377.94736842105266,545.8421052631579,374.1875,548.3125
24,1,5,15,20,0.0,0.0,362.0,501.0,379.0,538.0,376.0,539.0,378.0,539.0,378.0,539.0,378.0,539.0,0.0,0.0,341.4,484.95,372.6,542.85,375.1,547.8,375.75,546.1,377.94736842105266,545.8421052631579,374.1875,548.3125
25,1,6,15,20,0.0,0.0,315.0,486.0,338.0,584.0,339.0,587.0,340.0,587.0,340.0,587.0,343.0,586.0,0.0,0.0,341.4,484.95,372.6,542.85,375.1,547.8,375.75,546.1,377.94736842105266,545.8421052631579,374.1875,548.3125
26,1,7,15,20,0.0,0.0,351.0,525.0,358.0,567.0,358.0,562.0,359.0,562.0,359.0,563.0,359.0,563.0,0.0,0.0,341.4,484.95,372.6,542.85,375.1,547.8,375.75,546.1,377.94736842105266,545.8421052631579,374.1875,548.3125
27,1,8,15,20,0.0,0.0,296.0,524.0,344.0,576.0,345.0,577.0,345.0,577.0,345.0,577.0,,,0.0,0.0,341.4,484.95,372.6,542.85,375.1,547.8,375.75,546.1,377.94736842105266,545.8421052631579,374.1875,548.3125
28,1,9,15,20,0.0,0.0,382.0,447.0,461.0,461.0,461.0,462.0,463.0,462.0,463.0,462.0,463.0,462.0,0.0,0.0,341.4,484.95,372.6,542.85,375.1,547.8,375.75,546.1,377.94736842105266,545.8421052631579,374.1875,548.3125
29,1,10,15,20,0.0,0.0,334.0,526.0,346.0,575.0,346.0,575.0,346.0,575.0,,,,,0.0,0.0,341.4,484.95,372.6,542.85,375.1,547.8,375.75,546.1,377.94736842105266,545.8421052631579,374.1875,548.3125
30,1,11,15,20,0.0,0.0,362.0,435.0,450.0,472.0,468.0,471.0,477.0,471.0,479.0,472.0,479.0,472.0,0.0,0.0,341.4,484.95,372.6,542.85,375.1,547.8,375.75,546.1,377.94736842105266,545.8421052631579,374.1875,548.3125
31,1,12,15,20,0.0,0.0,300.0,510.0,305.0,627.0,305.0,632.0,305.0,633.0,305.0,633.0,305.0,633.0,0.0,0.0,341.4,484.95,372.6,542.85,375.1,547.8,375.75,546.1,377.94736842105266,545.8421052631579,374.1875,548.3125
32,1,13,15,20,0.0,0.0,356.0,456.0,385.0,514.0,385.0,528.0,383.0,531.0,383.0,537.0,383.0,537.0,0.0,0.0,341.4,484.95,372.6,542.85,375.1,547.8,375.75,546.1,377.94736842105266,545.8421052631579,374.1875,548.3125
33,1,14,15,20,0.0,0.0,304.0,560.0,322.0,607.0,322.0,607.0,322.0,606.0,322.0,609.0,322.0,609.0,0.0,0.0,341.4,484.95,372.6,542.85,375.1,547.8,375.75,546.1,377.94736842105266,545.8421052631579,374.1875,548.3125
34,1,15,15,20,0.0,0.0,374.0,523.0,382.0,552.0,376.0,548.0,377.0,501.0,378.0,501.0,378.0,501.0,0.0,0.0,341.4,484.95,372.6,542.85,375.1,547.8,375.75,546.1,377.94736842105266,545.8421052631579,374.1875,548.3125
35,1,16,15,20,0.0,0.0,347.0,461.0,362.0,552.0,364.0,553.0,364.0,552.0,364.0,551.0,364.0,551.0,0.0,0.0,341.4,484.95,372.6,542.85,375.1,547.8,375.75,546.1,377.94736842105266,545.8421052631579,374.1875,548.3125
36,1,17,15,20,0.0,0.0,245.0,372.0,335.0,463.0,360.0,503.0,358.0,510.0,358.0,510.0,358.0,510.0,0.0,0.0,341.4,484.95,372.6,542.85,375.1,547.8,375.75,546.1,377.94736842105266,545.8421052631579,374.1875,548.3125
37,1,18,15,20,0.0,0.0,375.0,455.0,413.0,522.0,416.0,526.0,414.0,526.0,414.0,526.0,,,0.0,0.0,341.4,484.95,372.6,542.85,375.1,547.8,375.75,546.1,377.94736842105266,545.8421052631579,374.1875,548.3125
38,1,19,15,20,0.0,0.0,374.0,441.0,381.0,518.0,382.0,536.0,382.0,537.0,382.0,537.0,382.0,537.0,0.0,0.0,341.4,484.95,372.6,542.85,375.1,547.8,375.75,546.1,377.94736842105266,545.8421052631579,374.1875,548.3125
39,1,20,15,20,0.0,0.0,403.0,468.0,443.0,489.0,438.0,494.0,438.0,494.0,438.0,494.0,,,0.0,0.0,341.4,484.95,372.6,542.85,375.1,547.8,375.75,546.1,377.94736842105266,545.8421052631579,374.1875,548.3125
40,2,1,15,25,0.0,0.0,238.0,601.0,262.0,673.0,262.0,673.0,259.0,658.0,258.0,654.0,258.0,654.0,0.0,0.0,303.25,546.4,327.5,587.75,328.85,587.65,330.6,588.9,331.8333333333333,586.9444444444445,335.42857142857144,584.6428571428571
41,2,2,15,25,0.0,0.0,314.0,580.0,325.0,575.0,325.0,582.0,343.0,585.0,346.0,585.0,347.0,586.0,0.0,0.0,303.25,546.4,327.5,587.75,328.85,587.65,330.6,588.9,331.8333333333333,586.9444444444445,335.42857142857144,584.6428571428571
42,2,3,15,25,0.0,0.0,278.0,579.0,299.0,649.0,300.0,646.0,300.0,646.0,300.0,646.0,,,0.0,0.0,303.25,546.4,327.5,587.75,328.85,587.65,330.6,588.9,331.8333333333333,586.9444444444445,335.42857142857144,584.6428571428571
43,2,4,15,25,0.0,0.0,271.0,527.0,321.0,587.0,327.0,592.0,330.0,592.0,331.0,592.0,331.0,592.0,0.0,0.0,303.25,546.4,327.5,587.75,328.85,587.65,330.6,588.9,331.8333333333333,586.9444444444445,335.42857142857144,584.6428571428571
44,2,5,15,25,0.0,0.0,324.0,515.0,329.0,549.0,329.0,555.0,346.0,596.0,346.0,596.0,346.0,596.0,0.0,0.0,303.25,546.4,327.5,587.75,328.85,587.65,330.6,588.9,331.8333333333333,586.9444444444445,335.42857142857144,584.6428571428571
45,2,6,15,25,0.0,0.0,310.0,542.0,336.0,584.0,340.0,580.0,340.0,580.0,340.0,580.0,340.0,580.0,0.0,0.0,303.25,546.4,327.5,587.75,328.85,587.65,330.6,588.9,331.8333333333333,586.9444444444445,335.42857142857144,584.6428571428571
46,2,7,15,25,0.0,0.0,201.0,609.0,215.0,709.0,215.0,705.0,215.0,697.0,215.0,697.0,215.0,697.0,0.0,0.0,303.25,546.4,327.5,587.75,328.85,587.65,330.6,588.9,331.8333333333333,586.9444444444445,335.42857142857144,584.6428571428571
47,2,8,15,25,0.0,0.0,295.0,594.0,322.0,615.0,329.0,613.0,330.0,613.0,329.0,613.0,329.0,615.0,0.0,0.0,303.25,546.4,327.5,587.75,328.85,587.65,330.6,588.9,331.8333333333333,586.9444444444445,335.42857142857144,584.6428571428571
48,2,9,15,25,0.0,0.0,421.0,415.0,489.0,399.0,493.0,401.0,493.0,401.0,493.0,401.0,493.0,401.0,0.0,0.0,303.25,546.4,327.5,587.75,328.85,587.65,330.6,588.9,331.8333333333333,586.9444444444445,335.42857142857144,584.6428571428571
49,2,10,15,25,0.0,0.0,272.0,536.0,307.0,568.0,296.0,557.0,296.0,557.0,296.0,557.0,,,0.0,0.0,303.25,546.4,327.5,587.75,328.85,587.65,330.6,588.9,331.8333333333333,586.9444444444445,335.42857142857144,584.6428571428571
50,2,11,15,25,0.0,0.0,281.0,587.0,297.0,627.0,297.0,627.0,297.0,627.0,297.0,627.0,297.0,627.0,0.0,0.0,303.25,546.4,327.5,587.75,328.85,587.65,330.6,588.9,331.8333333333333,586.9444444444445,335.42857142857144,584.6428571428571
51,2,12,15,25,0.0,0.0,319.0,531.0,340.0,584.0,340.0,582.0,340.0,582.0,,,,,0.0,0.0,303.25,546.4,327.5,587.75,328.85,587.65,330.6,588.9,331.8333333333333,586.9444444444445,335.42857142857144,584.6428571428571
52,2,13,15,25,0.0,0.0,305.0,556.0,323.0,604.0,330.0,607.0,331.0,608.0,331.0,608.0,,,0.0,0.0,303.25,546.4,327.5,587.75,328.85,587.65,330.6,588.9,331.8333333333333,586.9444444444445,335.42857142857144,584.6428571428571
53,2,14,15,25,0.0,0.0,322.0,556.0,325.0,574.0,314.0,569.0,312.0,571.0,309.0,559.0,309.0,559.0,0.0,0.0,303.25,546.4,327.5,587.75,328.85,587.65,330.6,588.9,331.8333333333333,586.9444444444445,335.42857142857144,584.6428571428571
54,2,15,15,25,0.0,0.0,347.0,494.0,368.0,562.0,370.0,560.0,370.0,567.0,370.0,567.0,370.0,567.0,0.0,0.0,303.25,546.4,327.5,587.75,328.85,587.65,330.6,588.9,331.8333333333333,586.9444444444445,335.42857142857144,584.6428571428571
55,2,16,15,25,0.0,0.0,333.0,536.0,337.0,597.0,329.0,590.0,329.0,590.0,329.0,590.0,329.0,590.0,0.0,0.0,303.25,546.4,327.5,587.75,328.85,587.65,330.6,588.9,331.8333333333333,586.9444444444445,335.42857142857144,584.6428571428571
56,2,17,15,25,0.0,0.0,387.0,499.0,393.0,513.0,398.0,523.0,398.0,523.0,398.0,523.0,398.0,523.0,0.0,0.0,303.25,546.4,327.5,587.75,328.85,587.65,330.6,588.9,331.8333333333333,586.9444444444445,335.42857142857144,584.6428571428571
57,2,18,15,25,0.0,0.0,301.0,556.0,333.0,597.0,334.0,598.0,334.0,598.0,334.0,598.0,334.0,598.0,0.0,0.0,303.25,546.4,327.5,587.75,328.85,587.65,330.6,588.9,331.8333333333333,586.9444444444445,335.42857142857144,584.6428571428571
58,2,19,15,25,0.0,0.0,267.0,526.0,334.0,572.0,351.0,578.0,351.0,572.0,351.0,572.0,,,0.0,0.0,303.25,546.4,327.5,587.75,328.85,587.65,330.6,588.9,331.8333333333333,586.9444444444445,335.42857142857144,584.6428571428571
59,2,20,15,25,0.0,0.0,279.0,589.0,295.0,617.0,298.0,615.0,298.0,615.0,,,,,0.0,0.0,303.25,546.4,327.5,587.75,328.85,587.65,330.6,588.9,331.8333333333333,586.9444444444445,335.42857142857144,584.6428571428571
60,3,1,15,30,0.0,0.0,282.0,618.0,288.0,641.0,290.0,642.0,289.0,631.0,289.0,630.0,289.0,630.0,0.0,0.0,298.75,569.95,314.1,597.1,313.55,594.3,312.6,590.25,312.55,588.3,310.27777777777777,588.6666666666666
61,3,2,15,30,0.0,0.0,298.0,600.0,298.0,628.0,298.0,622.0,300.0,620.0,300.0,605.0,300.0,604.0,0.0,0.0,298.75,569.95,314.1,597.1,313.55,594.3,312.6,590.25,312.55,588.3,310.27777777777777,588.6666666666666
62,3,3,15,30,0.0,0.0,217.0,623.0,249.0,660.0,246.0,649.0,241.0,649.0,241.0,649.0,241.0,649.0,0.0,0.0,298.75,569.95,314.1,597.1,313.55,594.3,312.6,590.25,312.55,588.3,310.27777777777777,588.6666666666666
63,3,4,15,30,0.0,0.0,297.0,596.0,310.0,620.0,312.0,621.0,314.0,623.0,314.0,623.0,314.0,623.0,0.0,0.0,298.75,569.95,314.1,597.1,313.55,594.3,312.6,590.25,312.55,588.3,310.27777777777777,588.6666666666666
64,3,5,15,30,0.0,0.0,244.0,631.0,274.0,652.0,276.0,631.0,277.0,639.0,277.0,637.0,277.0,637.0,0.0,0.0,298.75,569.95,314.1,597.1,313.55,594.3,312.6,590.25,312.55,588.3,310.27777777777777,588.6666666666666
65,3,6,15,30,0.0,0.0,366.0,459.0,402.0,492.0,403.0,498.0,401.0,498.0,396.0,498.0,395.0,498.0,0.0,0.0,298.75,569.95,314.1,597.1,313.55,594.3,312.6,590.25,312.55,588.3,310.27777777777777,588.6666666666666
66,3,7,15,30,0.0,0.0,357.0,541.0,384.0,543.0,386.0,546.0,386.0,546.0,386.0,546.0,386.0,546.0,0.0,0.0,298.75,569.95,314.1,597.1,313.55,594.3,312.6,590.25,312.55,588.3,310.27777777777777,588.6666666666666
67,3,8,15,30,0.0,0.0,314.0,585.0,320.0,591.0,321.0,594.0,320.0,593.0,320.0,593.0,320.0,593.0,0.0,0.0,298.75,569.95,314.1,597.1,313.55,594.3,312.6,590.25,312.55,588.3,310.27777777777777,588.6666666666666
68,3,9,15,30,0.0,0.0,310.0,517.0,372.0,534.0,383.0,537.0,383.0,538.0,383.0,538.0,383.0,538.0,0.0,0.0,298.75,569.95,314.1,597.1,313.55,594.3,312.6,590.25,312.55,588.3,310.27777777777777,588.6666666666666
69,3,10,15,30,0.0,0.0,291.0,594.0,306.0,618.0,306.0,617.0,306.0,619.0,306.0,619.0,,,0.0,0.0,298.75,569.95,314.1,597.1,313.55,594.3,312.6,590.25,312.55,588.3,310.27777777777777,588.6666666666666
70,3,11,15,30,0.0,0.0,298.0,522.0,305.0,560.0,290.0,560.0,285.0,555.0,293.0,552.0,294.0,553.0,0.0,0.0,298.75,569.95,314.1,597.1,313.55,594.3,312.6,590.25,312.55,588.3,310.27777777777777,588.6666666666666
71,3,12,15,30,0.0,0.0,289.0,600.0,301.0,619.0,301.0,626.0,301.0,626.0,300.0,625.0,300.0,625.0,0.0,0.0,298.75,569.95,314.1,597.1,313.55,594.3,312.6,590.25,312.55,588.3,310.27777777777777,588.6666666666666
72,3,13,15,30,0.0,0.0,327.0,569.0,332.0,569.0,330.0,562.0,330.0,550.0,330.0,550.0,330.0,550.0,0.0,0.0,298.75,569.95,314.1,597.1,313.55,594.3,312.6,590.25,312.55,588.3,310.27777777777777,588.6666666666666
73,3,14,15,30,0.0,0.0,279.0,604.0,282.0,642.0,282.0,642.0,282.0,642.0,282.0,643.0,282.0,639.0,0.0,0.0,298.75,569.95,314.1,597.1,313.55,594.3,312.6,590.25,312.55,588.3,310.27777777777777,588.6666666666666
74,3,15,15,30,0.0,0.0,260.0,561.0,263.0,635.0,245.0,600.0,243.0,554.0,243.0,538.0,243.0,538.0,0.0,0.0,298.75,569.95,314.1,597.1,313.55,594.3,312.6,590.25,312.55,588.3,310.27777777777777,588.6666666666666
75,3,16,15,30,0.0,0.0,311.0,541.0,310.0,598.0,309.0,599.0,300.0,599.0,297.0,599.0,297.0,601.0,0.0,0.0,298.75,569.95,314.1,597.1,313.55,594.3,312.6,590.25,312.55,588.3,310.27777777777777,588.6666666666666
76,3,17,15,30,0.0,0.0,331.0,486.0,357.0,548.0,360.0,549.0,360.0,549.0,360.0,549.0,,,0.0,0.0,298.75,569.95,314.1,597.1,313.55,594.3,312.6,590.25,312.55,588.3,310.27777777777777,588.6666666666666
77,3,18,15,30,0.0,0.0,301.0,590.0,303.0,591.0,302.0,585.0,302.0,573.0,302.0,572.0,302.0,572.0,0.0,0.0,298.75,569.95,314.1,597.1,313.55,594.3,312.6,590.25,312.55,588.3,310.27777777777777,588.6666666666666
78,3,19,15,30,0.0,0.0,271.0,626.0,282.0,643.0,282.0,647.0,283.0,642.0,283.0,641.0,283.0,641.0,0.0,0.0,298.75,569.95,314.1,597.1,313.55,594.3,312.6,590.25,312.55,588.3,310.27777777777777,588.6666666666666
79,3,20,15,30,0.0,0.0,332.0,536.0,344.0,558.0,349.0,559.0,349.0,559.0,349.0,559.0,349.0,559.0,0.0,0.0,298.75,569.95,314.1,597.1,313.55,594.3,312.6,590.25,312.55,588.3,310.27777777777777,588.6666666666666
80,4,1,20,15,0.0,0.0,502.0,402.0,516.0,411.0,520.0,410.0,524.0,410.0,,,,,0.0,0.0,481.55,343.55,542.95,376.3,542.8,378.35,542.6,378.7,543.5333333333333,376.8666666666667,542.5,378.4166666666667
81,4,2,20,15,0.0,0.0,433.0,369.0,502.0,407.0,502.0,412.0,502.0,412.0,,,,,0.0,0.0,481.55,343.55,542.95,376.3,542.8,378.35,542.6,378.7,543.5333333333333,376.8666666666667,542.5,378.4166666666667
82,4,3,20,15,0.0,0.0,485.0,335.0,571.0,357.0,573.0,355.0,573.0,355.0,573.0,355.0,573.0,355.0,0.0,0.0,481.55,343.55,542.95,376.3,542.8,378.35,542.6,378.7,543.5333333333333,376.8666666666667,542.5,378.4166666666667
83,4,4,20,15,0.0,0.0,484.0,395.0,512.0,404.0,513.0,405.0,515.0,410.0,510.0,411.0,510.0,411.0,0.0,0.0,481.55,343.55,542.95,376.3,542.8,378.35,542.6,378.7,543.5333333333333,376.8666666666667,542.5,378.4166666666667
84,4,5,20,15,0.0,0.0,494.0,369.0,535.0,386.0,535.0,386.0,535.0,386.0,,,,,0.0,0.0,481.55,343.55,542.95,376.3,542.8,378.35,542.6,378.7,543.5333333333333,376.8666666666667,542.5,378.4166666666667
85,4,6,20,15,0.0,0.0,523.0,291.0,612.0,321.0,605.0,317.0,602.0,317.0,,,,,0.0,0.0,481.55,343.55,542.95,376.3,542.8,378.35,542.6,378.7,543.5333333333333,376.8666666666667,542.5,378.4166666666667
86,4,7,20,15,0.0,0.0,519.0,341.0,558.0,364.0,558.0,364.0,558.0,364.0,558.0,364.0,558.0,364.0,0.0,0.0,481.55,343.55,542.95,376.3,542.8,378.35,542.6,378.7,543.5333333333333,376.8666666666667,542.5,378.4166666666667
87,4,8,20,15,0.0,0.0,464.0,319.0,523.0,386.0,523.0,416.0,528.0,416.0,528.0,416.0,,,0.0,0.0,481.55,343.55,542.95,376.3,542.8,378.35,542.6,378.7,543.5333333333333,376.8666666666667,542.5,378.4166666666667
88,4,9,20,15,0.0,0.0,535.0,297.0,612.0,313.0,620.0,313.0,623.0,313.0,623.0,313.0,623.0,313.0,0.0,0.0,481.55,343.55,542.95,376.3,542.8,378.35,542.6,378.7,543.5333333333333,376.8666666666667,542.5,378.4166666666667
89,4,10,20,15,0.0,0.0,383.0,337.0,498.0,446.0,504.0,453.0,506.0,453.0,506.0,453.0,506.0,453.0,0.0,0.0,481.55,343.55,542.95,376.3,542.8,378.35,542.6,378.7,543.5333333333333,376.8666666666667,542.5,378.4166666666667
90,4,11,20,15,0.0,0.0,426.0,321.0,563.0,363.0,559.0,363.0,559.0,363.0,559.0,363.0,559.0,363.0,0.0,0.0,481.55,343.55,542.95,376.3,542.8,378.35,542.6,378.7,543.5333333333333,376.8666666666667,542.5,378.4166666666667
91,4,12,20,15,0.0,0.0,458.0,378.0,504.0,421.0,504.0,421.0,504.0,421.0,504.0,421.0,504.0,421.0,0.0,0.0,481.55,343.55,542.95,376.3,542.8,378.35,542.6,378.7,543.5333333333333,376.8666666666667,542.5,378.4166666666667
92,4,13,20,15,0.0,0.0,505.0,346.0,537.0,378.0,527.0,379.0,526.0,379.0,526.0,379.0,526.0,379.0,0.0,0.0,481.55,343.55,542.95,376.3,542.8,378.35,542.6,378.7,543.5333333333333,376.8666666666667,542.5,378.4166666666667
93,4,14,20,15,0.0,0.0,506.0,368.0,547.0,392.0,547.0,393.0,547.0,394.0,547.0,394.0,547.0,394.0,0.0,0.0,481.55,343.55,542.95,376.3,542.8,378.35,542.6,378.7,543.5333333333333,376.8666666666667,542.5,378.4166666666667
94,4,15,20,15,0.0,0.0,557.0,295.0,614.0,309.0,614.0,313.0,614.0,313.0,614.0,313.0,,,0.0,0.0,481.55,343.55,542.95,376.3,542.8,378.35,542.6,378.7,543.5333333333333,376.8666666666667,542.5,378.4166666666667
95,4,16,20,15,0.0,0.0,486.0,351.0,537.0,401.0,543.0,404.0,543.0,404.0,543.0,404.0,546.0,404.0,0.0,0.0,481.55,343.55,542.95,376.3,542.8,378.35,542.6,378.7,543.5333333333333,376.8666666666667,542.5,378.4166666666667
96,4,17,20,15,0.0,0.0,404.0,353.0,480.0,375.0,502.0,384.0,502.0,384.0,502.0,384.0,,,0.0,0.0,481.55,343.55,542.95,376.3,542.8,378.35,542.6,378.7,543.5333333333333,376.8666666666667,542.5,378.4166666666667
97,4,18,20,15,0.0,0.0,498.0,368.0,518.0,399.0,518.0,399.0,518.0,399.0,,,,,0.0,0.0,481.55,343.55,542.95,376.3,542.8,378.35,542.6,378.7,543.5333333333333,376.8666666666667,542.5,378.4166666666667
98,4,19,20,15,0.0,0.0,456.0,323.0,551.0,374.0,558.0,373.0,553.0,374.0,554.0,376.0,554.0,376.0,0.0,0.0,481.55,343.55,542.95,376.3,542.8,378.35,542.6,378.7,543.5333333333333,376.8666666666667,542.5,378.4166666666667
99,4,20,20,15,0.0,0.0,513.0,313.0,569.0,319.0,531.0,307.0,520.0,307.0,506.0,307.0,504.0,308.0,0.0,0.0,481.55,343.55,542.95,376.3,542.8,378.35,542.6,378.7,543.5333333333333,376.8666666666667,542.5,378.4166666666667
100,5,1,20,20,0.0,0.0,436.0,475.0,443.0,497.0,444.0,498.0,441.0,495.0,441.0,495.0,,,0.0,0.0,422.1,443.65,451.4,471.6,451.25,471.65,451.25,470.85,446.8421052631579,475.0,448.4166666666667,465.5833333333333
101,5,2,20,20,0.0,0.0,375.0,489.0,403.0,515.0,405.0,516.0,410.0,517.0,410.0,517.0,410.0,517.0,0.0,0.0,422.1,443.65,451.4,471.6,451.25,471.65,451.25,470.85,446.8421052631579,475.0,448.4166666666667,465.5833333333333
102,5,3,20,20,0.0,0.0,456.0,382.0,503.0,396.0,492.0,392.0,499.0,392.0,498.0,394.0,498.0,394.0,0.0,0.0,422.1,443.65,451.4,471.6,451.25,471.65,451.25,470.85,446.8421052631579,475.0,448.4166666666667,465.5833333333333
103,5,4,20,20,0.0,0.0,449.0,452.0,481.0,465.0,482.0,467.0,482.0,460.0,482.0,463.0,482.0,460.0,0.0,0.0,422.1,443.65,451.4,471.6,451.25,471.65,451.25,470.85,446.8421052631579,475.0,448.4166666666667,465.5833333333333
104,5,5,20,20,0.0,0.0,401.0,387.0,457.0,440.0,461.0,439.0,462.0,433.0,462.0,432.0,462.0,432.0,0.0,0.0,422.1,443.65,451.4,471.6,451.25,471.65,451.25,470.85,446.8421052631579,475.0,448.4166666666667,465.5833333333333
105,5,6,20,20,0.0,0.0,444.0,406.0,488.0,433.0,490.0,433.0,496.0,433.0,496.0,432.0,497.0,432.0,0.0,0.0,422.1,443.65,451.4,471.6,451.25,471.65,451.25,470.85,446.8421052631579,475.0,448.4166666666667,465.5833333333333
106,5,7,20,20,0.0,0.0,468.0,461.0,483.0,467.0,483.0,466.0,485.0,467.0,484.0,466.0,485.0,466.0,0.0,0.0,422.1,443.65,451.4,471.6,451.25,471.65,451.25,470.85,446.8421052631579,475.0,448.4166666666667,465.5833333333333
107,5,8,20,20,0.0,0.0,418.0,433.0,467.0,471.0,463.0,469.0,462.0,471.0,460.0,471.0,460.0,471.0,0.0,0.0,422.1,443.65,451.4,471.6,451.25,471.65,451.25,470.85,446.8421052631579,475.0,448.4166666666667,465.5833333333333
108,5,9,20,20,0.0,0.0,379.0,502.0,381.0,534.0,382.0,534.0,382.0,534.0,382.0,534.0,,,0.0,0.0,422.1,443.65,451.4,471.6,451.25,471.65,451.25,470.85,446.8421052631579,475.0,448.4166666666667,465.5833333333333
109,5,10,20,20,0.0,0.0,419.0,443.0,473.0,465.0,478.0,468.0,478.0,468.0,478.0,468.0,478.0,468.0,0.0,0.0,422.1,443.65,451.4,471.6,451.25,471.65,451.25,470.85,446.8421052631579,475.0,448.4166666666667,465.5833333333333
110,5,11,20,20,0.0,0.0,353.0,486.0,375.0,559.0,373.0,556.0,375.0,556.0,375.0,556.0,375.0,556.0,0.0,0.0,422.1,443.65,451.4,471.6,451.25,471.65,451.25,470.85,446.8421052631579,475.0,448.4166666666667,465.5833333333333
111,5,12,20,20,0.0,0.0,344.0,522.0,352.0,550.0,345.0,537.0,342.0,522.0,342.0,522.0,342.0,522.0,0.0,0.0,422.1,443.65,451.4,471.6,451.25,471.65,451.25,470.85,446.8421052631579,475.0,448.4166666666667,465.5833333333333
112,5,13,20,20,0.0,0.0,478.0,369.0,508.0,386.0,511.0,387.0,511.0,387.0,,,,,0.0,0.0,422.1,443.65,451.4,471.6,451.25,471.65,451.25,470.85,446.8421052631579,475.0,448.4166666666667,465.5833333333333
113,5,14,20,20,0.0,0.0,395.0,476.0,407.0,518.0,407.0,521.0,408.0,522.0,408.0,522.0,408.0,522.0,0.0,0.0,422.1,443.65,451.4,471.6,451.25,471.65,451.25,470.85,446.8421052631579,475.0,448.4166666666667,465.5833333333333
114,5,15,20,20,0.0,0.0,458.0,436.0,473.0,460.0,473.0,458.0,473.0,458.0,473.0,458.0,,,0.0,0.0,422.1,443.65,451.4,471.6,451.25,471.65,451.25,470.85,446.8421052631579,475.0,448.4166666666667,465.5833333333333
115,5,16,20,20,0.0,0.0,485.0,443.0,497.0,468.0,497.0,471.0,497.0,471.0,497.0,471.0,,,0.0,0.0,422.1,443.65,451.4,471.6,451.25,471.65,451.25,470.85,446.8421052631579,475.0,448.4166666666667,465.5833333333333
116,5,17,20,20,0.0,0.0,464.0,344.0,526.0,352.0,530.0,354.0,514.0,355.0,494.0,348.0,484.0,347.0,0.0,0.0,422.1,443.65,451.4,471.6,451.25,471.65,451.25,470.85,446.8421052631579,475.0,448.4166666666667,465.5833333333333
117,5,18,20,20,0.0,0.0,467.0,426.0,491.0,435.0,487.0,433.0,487.0,426.0,487.0,426.0,,,0.0,0.0,422.1,443.65,451.4,471.6,451.25,471.65,451.25,470.85,446.8421052631579,475.0,448.4166666666667,465.5833333333333
118,5,19,20,20,0.0,0.0,335.0,490.0,382.0,543.0,385.0,546.0,384.0,548.0,384.0,548.0,,,0.0,0.0,422.1,443.65,451.4,471.6,451.25,471.65,451.25,470.85,446.8421052631579,475.0,448.4166666666667,465.5833333333333
119,5,20,20,20,0.0,0.0,418.0,451.0,438.0,478.0,437.0,488.0,437.0,502.0,437.0,502.0,,,0.0,0.0,422.1,443.65,451.4,471.6,451.25,471.65,451.25,470.85,446.8421052631579,475.0,448.4166666666667,465.5833333333333
120,6,1,20,25,0.0,0.0,392.0,510.0,413.0,534.0,414.0,535.0,414.0,535.0,414.0,535.0,414.0,535.0,0.0,0.0,378.55,492.45,403.0,517.05,404.25,516.1,405.42105263157896,514.4736842105264,399.52941176470586,517.9411764705883,401.73333333333335,514.6666666666666
121,6,2,20,25,0.0,0.0,346.0,540.0,353.0,577.0,352.0,578.0,353.0,578.0,353.0,578.0,,,0.0,0.0,378.55,492.45,403.0,517.05,404.25,516.1,405.42105263157896,514.4736842105264,399.52941176470586,517.9411764705883,401.73333333333335,514.6666666666666
122,6,3,20,25,0.0,0.0,460.0,450.0,478.0,453.0,473.0,453.0,473.0,453.0,475.0,453.0,474.0,453.0,0.0,0.0,378.55,492.45,403.0,517.05,404.25,516.1,405.42105263157896,514.4736842105264,399.52941176470586,517.9411764705883,401.73333333333335,514.6666666666666
123,6,4,20,25,0.0,0.0,327.0,529.0,336.0,563.0,336.0,559.0,336.0,555.0,336.0,555.0,336.0,555.0,0.0,0.0,378.55,492.45,403.0,517.05,404.25,516.1,405.42105263157896,514.4736842105264,399.52941176470586,517.9411764705883,401.73333333333335,514.6666666666666
124,6,5,20,25,0.0,0.0,418.0,500.0,449.0,506.0,454.0,512.0,454.0,512.0,454.0,512.0,454.0,512.0,0.0,0.0,378.55,492.45,403.0,517.05,404.25,516.1,405.42105263157896,514.4736842105264,399.52941176470586,517.9411764705883,401.73333333333335,514.6666666666666
125,6,6,20,25,0.0,0.0,335.0,571.0,356.0,573.0,357.0,539.0,357.0,538.0,357.0,539.0,357.0,539.0,0.0,0.0,378.55,492.45,403.0,517.05,404.25,516.1,405.42105263157896,514.4736842105264,399.52941176470586,517.9411764705883,401.73333333333335,514.6666666666666
126,6,7,20,25,0.0,0.0,417.0,478.0,446.0,483.0,447.0,483.0,447.0,483.0,,,,,0.0,0.0,378.55,492.45,403.0,517.05,404.25,516.1,405.42105263157896,514.4736842105264,399.52941176470586,517.9411764705883,401.73333333333335,514.6666666666666
127,6,8,20,25,0.0,0.0,368.0,492.0,380.0,509.0,380.0,509.0,,,,,,,0.0,0.0,378.55,492.45,403.0,517.05,404.25,516.1,405.42105263157896,514.4736842105264,399.52941176470586,517.9411764705883,401.73333333333335,514.6666666666666
128,6,9,20,25,0.0,0.0,454.0,449.0,469.0,461.0,468.0,465.0,468.0,465.0,,,,,0.0,0.0,378.55,492.45,403.0,517.05,404.25,516.1,405.42105263157896,514.4736842105264,399.52941176470586,517.9411764705883,401.73333333333335,514.6666666666666
129,6,10,20,25,0.0,0.0,473.0,407.0,502.0,419.0,509.0,421.0,513.0,421.0,512.0,421.0,512.0,421.0,0.0,0.0,378.55,492.45,403.0,517.05,404.25,516.1,405.42105263157896,514.4736842105264,399.52941176470586,517.9411764705883,401.73333333333335,514.6666666666666
130,6,11,20,25,0.0,0.0,378.0,535.0,395.0,535.0,394.0,531.0,394.0,526.0,394.0,519.0,394.0,519.0,0.0,0.0,378.55,492.45,403.0,517.05,404.25,516.1,405.42105263157896,514.4736842105264,399.52941176470586,517.9411764705883,401.73333333333335,514.6666666666666
131,6,12,20,25,0.0,0.0,363.0,544.0,364.0,565.0,365.0,563.0,367.0,563.0,367.0,563.0,367.0,563.0,0.0,0.0,378.55,492.45,403.0,517.05,404.25,516.1,405.42105263157896,514.4736842105264,399.52941176470586,517.9411764705883,401.73333333333335,514.6666666666666
132,6,13,20,25,0.0,0.0,407.0,472.0,408.0,477.0,405.0,483.0,400.0,484.0,400.0,484.0,400.0,485.0,0.0,0.0,378.55,492.45,403.0,517.05,404.25,516.1,405.42105263157896,514.4736842105264,399.52941176470586,517.9411764705883,401.73333333333335,514.6666666666666
133,6,14,20,25,0.0,0.0,411.0,498.0,426.0,521.0,425.0,521.0,422.0,521.0,421.0,521.0,421.0,521.0,0.0,0.0,378.55,492.45,403.0,517.05,404.25,516.1,405.42105263157896,514.4736842105264,399.52941176470586,517.9411764705883,401.73333333333335,514.6666666666666
134,6,15,20,25,0.0,0.0,343.0,504.0,372.0,543.0,373.0,537.0,373.0,536.0,373.0,537.0,375.0,537.0,0.0,0.0,378.55,492.45,403.0,517.05,404.25,516.1,405.42105263157896,514.4736842105264,399.52941176470586,517.9411764705883,401.73333333333335,514.6666666666666
135,6,16,20,25,0.0,0.0,362.0,509.0,385.0,548.0,385.0,548.0,385.0,548.0,385.0,548.0,385.0,548.0,0.0,0.0,378.55,492.45,403.0,517.05,404.25,516.1,405.42105263157896,514.4736842105264,399.52941176470586,517.9411764705883,401.73333333333335,514.6666666666666
136,6,17,20,25,0.0,0.0,365.0,486.0,403.0,510.0,415.0,513.0,414.0,508.0,414.0,508.0,,,0.0,0.0,378.55,492.45,403.0,517.05,404.25,516.1,405.42105263157896,514.4736842105264,399.52941176470586,517.9411764705883,401.73333333333335,514.6666666666666
137,6,18,20,25,0.0,0.0,331.0,539.0,376.0,540.0,375.0,527.0,371.0,507.0,371.0,488.0,371.0,488.0,0.0,0.0,378.55,492.45,403.0,517.05,404.25,516.1,405.42105263157896,514.4736842105264,399.52941176470586,517.9411764705883,401.73333333333335,514.6666666666666
138,6,19,20,25,0.0,0.0,305.0,440.0,332.0,556.0,335.0,574.0,338.0,569.0,338.0,569.0,338.0,569.0,0.0,0.0,378.55,492.45,403.0,517.05,404.25,516.1,405.42105263157896,514.4736842105264,399.52941176470586,517.9411764705883,401.73333333333335,514.6666666666666
139,6,20,20,25,0.0,0.0,316.0,396.0,417.0,468.0,423.0,471.0,424.0,473.0,428.0,475.0,428.0,475.0,0.0,0.0,378.55,492.45,403.0,517.05,404.25,516.1,405.42105263157896,514.4736842105264,399.52941176470586,517.9411764705883,401.73333333333335,514.6666666666666
140,7,1,20,30,0.0,0.0,343.0,578.0,354.0,587.0,354.0,587.0,354.0,587.0,,,,,0.0,0.0,352.25,538.65,361.5,551.95,361.15,545.4,362.05,541.45,359.77777777777777,534.8888888888889,350.3076923076923,546.1538461538462
141,7,2,20,30,0.0,0.0,375.0,527.0,375.0,525.0,370.0,513.0,370.0,513.0,370.0,513.0,370.0,513.0,0.0,0.0,352.25,538.65,361.5,551.95,361.15,545.4,362.05,541.45,359.77777777777777,534.8888888888889,350.3076923076923,546.1538461538462
142,7,3,20,30,0.0,0.0,390.0,506.0,390.0,499.0,388.0,498.0,388.0,498.0,388.0,498.0,,,0.0,0.0,352.25,538.65,361.5,551.95,361.15,545.4,362.05,541.45,359.77777777777777,534.8888888888889,350.3076923076923,546.1538461538462
143,7,4,20,30,0.0,0.0,333.0,566.0,343.0,577.0,343.0,575.0,343.0,575.0,346.0,576.0,346.0,576.0,0.0,0.0,352.25,538.65,361.5,551.95,361.15,545.4,362.05,541.45,359.77777777777777,534.8888888888889,350.3076923076923,546.1538461538462
144,7,5,20,30,0.0,0.0,324.0,555.0,323.0,576.0,323.0,575.0,323.0,581.0,323.0,581.0,323.0,581.0,0.0,0.0,352.25,538.65,361.5,551.95,361.15,545.4,362.05,541.45,359.77777777777777,534.8888888888889,350.3076923076923,546.1538461538462
145,7,6,20,30,0.0,0.0,323.0,576.0,335.0,592.0,338.0,590.0,338.0,589.0,337.0,584.0,337.0,574.0,0.0,0.0,352.25,538.65,361.5,551.95,361.15,545.4,362.05,541.45,359.77777777777777,534.8888888888889,350.3076923076923,546.1538461538462
146,7,7,20,30,0.0,0.0,371.0,511.0,374.0,538.0,375.0,539.0,375.0,539.0,375.0,539.0,,,0.0,0.0,352.25,538.65,361.5,551.95,361.15,545.4,362.05,541.45,359.77777777777777,534.8888888888889,350.3076923076923,546.1538461538462
147,7,8,20,30,0.0,0.0,398.0,550.0,401.0,543.0,401.0,536.0,401.0,536.0,,,,,0.0,0.0,352.25,538.65,361.5,551.95,361.15,545.4,362.05,541.45,359.77777777777777,534.8888888888889,350.3076923076923,546.1538461538462
148,7,9,20,30,0.0,0.0,362.0,541.0,378.0,543.0,378.0,547.0,378.0,547.0,378.0,547.0,378.0,547.0,0.0,0.0,352.25,538.65,361.5,551.95,361.15,545.4,362.05,541.45,359.77777777777777,534.8888888888889,350.3076923076923,546.1538461538462
149,7,10,20,30,0.0,0.0,332.0,545.0,355.0,560.0,360.0,560.0,360.0,561.0,359.0,561.0,359.0,561.0,0.0,0.0,352.25,538.65,361.5,551.95,361.15,545.4,362.05,541.45,359.77777777777777,534.8888888888889,350.3076923076923,546.1538461538462
150,7,11,20,30,0.0,0.0,359.0,554.0,355.0,559.0,338.0,542.0,336.0,514.0,333.0,495.0,329.0,495.0,0.0,0.0,352.25,538.65,361.5,551.95,361.15,545.4,362.05,541.45,359.77777777777777,534.8888888888889,350.3076923076923,546.1538461538462
151,7,12,20,30,0.0,0.0,367.0,531.0,367.0,538.0,366.0,538.0,366.0,539.0,366.0,539.0,,,0.0,0.0,352.25,538.65,361.5,551.95,361.15,545.4,362.05,541.45,359.77777777777777,534.8888888888889,350.3076923076923,546.1538461538462
152,7,13,20,30,0.0,0.0,350.0,513.0,366.0,536.0,361.0,513.0,358.0,495.0,358.0,494.0,358.0,494.0,0.0,0.0,352.25,538.65,361.5,551.95,361.15,545.4,362.05,541.45,359.77777777777777,534.8888888888889,350.3076923076923,546.1538461538462
153,7,14,20,30,0.0,0.0,357.0,509.0,385.0,537.0,390.0,522.0,390.0,514.0,390.0,514.0,,,0.0,0.0,352.25,538.65,361.5,551.95,361.15,545.4,362.05,541.45,359.77777777777777,534.8888888888889,350.3076923076923,546.1538461538462
154,7,15,20,30,0.0,0.0,362.0,533.0,363.0,550.0,363.0,531.0,368.0,510.0,360.0,493.0,358.0,491.0,0.0,0.0,352.25,538.65,361.5,551.95,361.15,545.4,362.05,541.45,359.77777777777777,534.8888888888889,350.3076923076923,546.1538461538462
155,7,16,20,30,0.0,0.0,379.0,447.0,385.0,455.0,397.0,434.0,396.0,426.0,396.0,423.0,,,0.0,0.0,352.25,538.65,361.5,551.95,361.15,545.4,362.05,541.45,359.77777777777777,534.8888888888889,350.3076923076923,546.1538461538462
156,7,17,20,30,0.0,0.0,303.0,575.0,315.0,592.0,314.0,591.0,335.0,611.0,335.0,612.0,335.0,612.0,0.0,0.0,352.25,538.65,361.5,551.95,361.15,545.4,362.05,541.45,359.77777777777777,534.8888888888889,350.3076923076923,546.1538461538462
157,7,18,20,30,0.0,0.0,386.0,508.0,403.0,529.0,402.0,528.0,402.0,528.0,402.0,528.0,402.0,528.0,0.0,0.0,352.25,538.65,361.5,551.95,361.15,545.4,362.05,541.45,359.77777777777777,534.8888888888889,350.3076923076923,546.1538461538462
158,7,19,20,30,0.0,0.0,315.0,585.0,325.0,612.0,325.0,610.0,325.0,587.0,325.0,576.0,325.0,573.0,0.0,0.0,352.25,538.65,361.5,551.95,361.15,545.4,362.05,541.45,359.77777777777777,534.8888888888889,350.3076923076923,546.1538461538462
159,7,20,20,30,0.0,0.0,316.0,563.0,338.0,591.0,337.0,579.0,335.0,579.0,335.0,555.0,334.0,555.0,0.0,0.0,352.25,538.65,361.5,551.95,361.15,545.4,362.05,541.45,359.77777777777777,534.8888888888889,350.3076923076923,546.1538461538462
160,8,1,25,15,0.0,0.0,542.0,339.0,583.0,353.0,583.0,355.0,581.0,355.0,581.0,355.0,581.0,355.0,0.0,0.0,543.4,319.3,583.05,342.35,576.85,342.6,574.3,343.0,573.85,342.5,573.8888888888889,341.8333333333333
161,8,2,25,15,0.0,0.0,619.0,258.0,674.0,273.0,676.0,273.0,676.0,273.0,676.0,273.0,676.0,273.0,0.0,0.0,543.4,319.3,583.05,342.35,576.85,342.6,574.3,343.0,573.85,342.5,573.8888888888889,341.8333333333333
162,8,3,25,15,0.0,0.0,591.0,258.0,651.0,284.0,648.0,285.0,645.0,285.0,647.0,285.0,647.0,285.0,0.0,0.0,543.4,319.3,583.05,342.35,576.85,342.6,574.3,343.0,573.85,342.5,573.8888888888889,341.8333333333333
163,8,4,25,15,0.0,0.0,563.0,327.0,575.0,333.0,569.0,333.0,565.0,337.0,569.0,338.0,570.0,338.0,0.0,0.0,543.4,319.3,583.05,342.35,576.85,342.6,574.3,343.0,573.85,342.5,573.8888888888889,341.8333333333333
164,8,5,25,15,0.0,0.0,595.0,261.0,637.0,284.0,595.0,278.0,571.0,277.0,568.0,276.0,569.0,276.0,0.0,0.0,543.4,319.3,583.05,342.35,576.85,342.6,574.3,343.0,573.85,342.5,573.8888888888889,341.8333333333333
165,8,6,25,15,0.0,0.0,513.0,387.0,533.0,405.0,509.0,392.0,506.0,390.0,496.0,382.0,496.0,380.0,0.0,0.0,543.4,319.3,583.05,342.35,576.85,342.6,574.3,343.0,573.85,342.5,573.8888888888889,341.8333333333333
166,8,7,25,15,0.0,0.0,513.0,365.0,536.0,404.0,537.0,404.0,537.0,405.0,537.0,405.0,537.0,405.0,0.0,0.0,543.4,319.3,583.05,342.35,576.85,342.6,574.3,343.0,573.85,342.5,573.8888888888889,341.8333333333333
167,8,8,25,15,0.0,0.0,498.0,378.0,496.0,415.0,481.0,412.0,483.0,412.0,483.0,413.0,483.0,413.0,0.0,0.0,543.4,319.3,583.05,342.35,576.85,342.6,574.3,343.0,573.85,342.5,573.8888888888889,341.8333333333333
168,8,9,25,15,0.0,0.0,616.0,269.0,633.0,269.0,631.0,270.0,633.0,270.0,633.0,270.0,633.0,270.0,0.0,0.0,543.4,319.3,583.05,342.35,576.85,342.6,574.3,343.0,573.85,342.5,573.8888888888889,341.8333333333333
169,8,10,25,15,0.0,0.0,539.0,339.0,576.0,351.0,572.0,350.0,574.0,352.0,574.0,352.0,,,0.0,0.0,543.4,319.3,583.05,342.35,576.85,342.6,574.3,343.0,573.85,342.5,573.8888888888889,341.8333333333333
170,8,11,25,15,0.0,0.0,478.0,341.0,515.0,404.0,494.0,418.0,483.0,418.0,483.0,418.0,483.0,418.0,0.0,0.0,543.4,319.3,583.05,342.35,576.85,342.6,574.3,343.0,573.85,342.5,573.8888888888889,341.8333333333333
171,8,12,25,15,0.0,0.0,469.0,356.0,520.0,409.0,524.0,407.0,522.0,409.0,522.0,409.0,522.0,409.0,0.0,0.0,543.4,319.3,583.05,342.35,576.85,342.6,574.3,343.0,573.85,342.5,573.8888888888889,341.8333333333333
172,8,13,25,15,0.0,0.0,629.0,270.0,674.0,272.0,656.0,272.0,656.0,272.0,656.0,272.0,656.0,272.0,0.0,0.0,543.4,319.3,583.05,342.35,576.85,342.6,574.3,343.0,573.85,342.5,573.8888888888889,341.8333333333333
173,8,14,25,15,0.0,0.0,460.0,407.0,489.0,452.0,489.0,454.0,490.0,454.0,490.0,454.0,490.0,454.0,0.0,0.0,543.4,319.3,583.05,342.35,576.85,342.6,574.3,343.0,573.85,342.5,573.8888888888889,341.8333333333333
174,8,15,25,15,0.0,0.0,523.0,355.0,558.0,380.0,558.0,380.0,556.0,384.0,556.0,380.0,560.0,385.0,0.0,0.0,543.4,319.3,583.05,342.35,576.85,342.6,574.3,343.0,573.85,342.5,573.8888888888889,341.8333333333333
175,8,16,25,15,0.0,0.0,558.0,259.0,620.0,306.0,610.0,306.0,612.0,307.0,614.0,307.0,614.0,307.0,0.0,0.0,543.4,319.3,583.05,342.35,576.85,342.6,574.3,343.0,573.85,342.5,573.8888888888889,341.8333333333333
176,8,17,25,15,0.0,0.0,608.0,276.0,638.0,280.0,638.0,280.0,638.0,280.0,638.0,280.0,638.0,280.0,0.0,0.0,543.4,319.3,583.05,342.35,576.85,342.6,574.3,343.0,573.85,342.5,573.8888888888889,341.8333333333333
177,8,18,25,15,0.0,0.0,571.0,340.0,582.0,345.0,579.0,349.0,581.0,349.0,581.0,349.0,,,0.0,0.0,543.4,319.3,583.05,342.35,576.85,342.6,574.3,343.0,573.85,342.5,573.8888888888889,341.8333333333333
178,8,19,25,15,0.0,0.0,536.0,221.0,658.0,227.0,688.0,231.0,687.0,233.0,687.0,233.0,687.0,233.0,0.0,0.0,543.4,319.3,583.05,342.35,576.85,342.6,574.3,343.0,573.85,342.5,573.8888888888889,341.8333333333333
179,8,20,25,15,0.0,0.0,447.0,380.0,513.0,401.0,500.0,403.0,490.0,398.0,486.0,399.0,488.0,400.0,0.0,0.0,543.4,319.3,583.05,342.35,576.85,342.6,574.3,343.0,573.85,342.5,573.8888888888889,341.8333333333333
180,9,1,25,20,0.0,0.0,497.0,413.0,502.0,421.0,513.0,423.0,510.0,416.0,510.0,416.0,,,0.0,0.0,485.7,396.25,505.8,413.0,507.7,413.85,507.5,414.7,504.6111111111111,417.6111111111111,509.7692307692308,412.61538461538464
181,9,2,25,20,0.0,0.0,408.0,453.0,449.0,468.0,453.0,462.0,453.0,460.0,444.0,455.0,442.0,455.0,0.0,0.0,485.7,396.25,505.8,413.0,507.7,413.85,507.5,414.7,504.6111111111111,417.6111111111111,509.7692307692308,412.61538461538464
182,9,3,25,20,0.0,0.0,462.0,405.0,472.0,432.0,475.0,438.0,475.0,438.0,475.0,438.0,,,0.0,0.0,485.7,396.25,505.8,413.0,507.7,413.85,507.5,414.7,504.6111111111111,417.6111111111111,509.7692307692308,412.61538461538464
183,9,4,25,20,0.0,0.0,498.0,385.0,516.0,404.0,521.0,406.0,513.0,404.0,506.0,404.0,508.0,405.0,0.0,0.0,485.7,396.25,505.8,413.0,507.7,413.85,507.5,414.7,504.6111111111111,417.6111111111111,509.7692307692308,412.61538461538464
184,9,5,25,20,0.0,0.0,525.0,368.0,538.0,365.0,538.0,363.0,538.0,363.0,,,,,0.0,0.0,485.7,396.25,505.8,413.0,507.7,413.85,507.5,414.7,504.6111111111111,417.6111111111111,509.7692307692308,412.61538461538464
185,9,6,25,20,0.0,0.0,491.0,349.0,543.0,369.0,545.0,369.0,545.0,373.0,545.0,373.0,545.0,373.0,0.0,0.0,485.7,396.25,505.8,413.0,507.7,413.85,507.5,414.7,504.6111111111111,417.6111111111111,509.7692307692308,412.61538461538464
186,9,7,25,20,0.0,0.0,515.0,409.0,509.0,415.0,511.0,416.0,511.0,416.0,,,,,0.0,0.0,485.7,396.25,505.8,413.0,507.7,413.85,507.5,414.7,504.6111111111111,417.6111111111111,509.7692307692308,412.61538461538464
187,9,8,25,20,0.0,0.0,455.0,407.0,484.0,442.0,479.0,449.0,479.0,449.0,479.0,449.0,479.0,449.0,0.0,0.0,485.7,396.25,505.8,413.0,507.7,413.85,507.5,414.7,504.6111111111111,417.6111111111111,509.7692307692308,412.61538461538464
188,9,9,25,20,0.0,0.0,410.0,428.0,428.0,474.0,428.0,476.0,428.0,476.0,428.0,476.0,,,0.0,0.0,485.7,396.25,505.8,413.0,507.7,413.85,507.5,414.7,504.6111111111111,417.6111111111111,509.7692307692308,412.61538461538464
189,9,10,25,20,0.0,0.0,536.0,357.0,544.0,381.0,545.0,384.0,548.0,392.0,548.0,392.0,548.0,392.0,0.0,0.0,485.7,396.25,505.8,413.0,507.7,413.85,507.5,414.7,504.6111111111111,417.6111111111111,509.7692307692308,412.61538461538464
190,9,11,25,20,0.0,0.0,519.0,380.0,548.0,392.0,541.0,388.0,541.0,388.0,541.0,388.0,541.0,388.0,0.0,0.0,485.7,396.25,505.8,413.0,507.7,413.85,507.5,414.7,504.6111111111111,417.6111111111111,509.7692307692308,412.61538461538464
191,9,12,25,20,0.0,0.0,477.0,335.0,550.0,356.0,566.0,355.0,566.0,355.0,566.0,355.0,566.0,355.0,0.0,0.0,485.7,396.25,505.8,413.0,507.7,413.85,507.5,414.7,504.6111111111111,417.6111111111111,509.7692307692308,412.61538461538464
192,9,13,25,20,0.0,0.0,387.0,480.0,415.0,495.0,415.0,489.0,410.0,489.0,410.0,493.0,410.0,493.0,0.0,0.0,485.7,396.25,505.8,413.0,507.7,413.85,507.5,414.7,504.6111111111111,417.6111111111111,509.7692307692308,412.61538461538464
193,9,14,25,20,0.0,0.0,565.0,329.0,585.0,336.0,582.0,336.0,582.0,337.0,583.0,337.0,583.0,337.0,0.0,0.0,485.7,396.25,505.8,413.0,507.7,413.85,507.5,414.7,504.6111111111111,417.6111111111111,509.7692307692308,412.61538461538464
194,9,15,25,20,0.0,0.0,505.0,401.0,529.0,409.0,539.0,414.0,542.0,414.0,538.0,414.0,538.0,414.0,0.0,0.0,485.7,396.25,505.8,413.0,507.7,413.85,507.5,414.7,504.6111111111111,417.6111111111111,509.7692307692308,412.61538461538464
195,9,16,25,20,0.0,0.0,482.0,436.0,491.0,448.0,495.0,449.0,495.0,449.0,495.0,449.0,,,0.0,0.0,485.7,396.25,505.8,413.0,507.7,413.85,507.5,414.7,504.6111111111111,417.6111111111111,509.7692307692308,412.61538461538464
196,9,17,25,20,0.0,0.0,450.0,408.0,449.0,452.0,439.0,451.0,444.0,464.0,444.0,464.0,444.0,464.0,0.0,0.0,485.7,396.25,505.8,413.0,507.7,413.85,507.5,414.7,504.6111111111111,417.6111111111111,509.7692307692308,412.61538461538464
197,9,18,25,20,0.0,0.0,547.0,373.0,552.0,381.0,553.0,381.0,553.0,382.0,553.0,382.0,553.0,382.0,0.0,0.0,485.7,396.25,505.8,413.0,507.7,413.85,507.5,414.7,504.6111111111111,417.6111111111111,509.7692307692308,412.61538461538464
198,9,19,25,20,0.0,0.0,475.0,448.0,474.0,453.0,468.0,453.0,469.0,454.0,470.0,457.0,470.0,457.0,0.0,0.0,485.7,396.25,505.8,413.0,507.7,413.85,507.5,414.7,504.6111111111111,417.6111111111111,509.7692307692308,412.61538461538464
199,9,20,25,20,0.0,0.0,510.0,361.0,538.0,367.0,548.0,375.0,548.0,375.0,548.0,375.0,,,0.0,0.0,485.7,396.25,505.8,413.0,507.7,413.85,507.5,414.7,504.6111111111111,417.6111111111111,509.7692307692308,412.61538461538464
200,10,1,25,25,0.0,0.0,467.0,451.0,476.0,458.0,468.0,458.0,468.0,458.0,,,,,0.0,0.0,451.65,449.85,464.4,463.2,459.05,461.05,457.4,459.6,452.94444444444446,460.3333333333333,447.0,454.0833333333333
201,10,2,25,25,0.0,0.0,503.0,458.0,503.0,461.0,500.0,461.0,499.0,461.0,499.0,461.0,,,0.0,0.0,451.65,449.85,464.4,463.2,459.05,461.05,457.4,459.6,452.94444444444446,460.3333333333333,447.0,454.0833333333333
202,10,3,25,25,0.0,0.0,485.0,452.0,488.0,460.0,488.0,460.0,485.0,460.0,485.0,460.0,,,0.0,0.0,451.65,449.85,464.4,463.2,459.05,461.05,457.4,459.6,452.94444444444446,460.3333333333333,447.0,454.0833333333333
203,10,4,25,25,0.0,0.0,487.0,419.0,489.0,427.0,479.0,422.0,478.0,422.0,478.0,422.0,478.0,422.0,0.0,0.0,451.65,449.85,464.4,463.2,459.05,461.05,457.4,459.6,452.94444444444446,460.3333333333333,447.0,454.0833333333333
204,10,5,25,25,0.0,0.0,485.0,415.0,494.0,419.0,484.0,420.0,484.0,420.0,485.0,420.0,485.0,420.0,0.0,0.0,451.65,449.85,464.4,463.2,459.05,461.05,457.4,459.6,452.94444444444446,460.3333333333333,447.0,454.0833333333333
205,10,6,25,25,0.0,0.0,424.0,430.0,454.0,470.0,427.0,465.0,423.0,467.0,423.0,467.0,423.0,467.0,0.0,0.0,451.65,449.85,464.4,463.2,459.05,461.05,457.4,459.6,452.94444444444446,460.3333333333333,447.0,454.0833333333333
206,10,7,25,25,0.0,0.0,474.0,459.0,478.0,458.0,476.0,455.0,477.0,455.0,477.0,455.0,477.0,455.0,0.0,0.0,451.65,449.85,464.4,463.2,459.05,461.05,457.4,459.6,452.94444444444446,460.3333333333333,447.0,454.0833333333333
207,10,8,25,25,0.0,0.0,390.0,531.0,406.0,530.0,406.0,533.0,407.0,533.0,407.0,533.0,407.0,533.0,0.0,0.0,451.65,449.85,464.4,463.2,459.05,461.05,457.4,459.6,452.94444444444446,460.3333333333333,447.0,454.0833333333333
208,10,9,25,25,0.0,0.0,435.0,483.0,438.0,479.0,435.0,477.0,433.0,461.0,430.0,456.0,430.0,456.0,0.0,0.0,451.65,449.85,464.4,463.2,459.05,461.05,457.4,459.6,452.94444444444446,460.3333333333333,447.0,454.0833333333333
209,10,10,25,25,0.0,0.0,408.0,519.0,404.0,529.0,395.0,518.0,395.0,513.0,395.0,513.0,,,0.0,0.0,451.65,449.85,464.4,463.2,459.05,461.05,457.4,459.6,452.94444444444446,460.3333333333333,447.0,454.0833333333333
210,10,11,25,25,0.0,0.0,449.0,445.0,456.0,451.0,432.0,435.0,425.0,420.0,404.0,395.0,400.0,386.0,0.0,0.0,451.65,449.85,464.4,463.2,459.05,461.05,457.4,459.6,452.94444444444446,460.3333333333333,447.0,454.0833333333333
211,10,12,25,25,0.0,0.0,442.0,458.0,453.0,465.0,450.0,464.0,435.0,464.0,435.0,463.0,435.0,463.0,0.0,0.0,451.65,449.85,464.4,463.2,459.05,461.05,457.4,459.6,452.94444444444446,460.3333333333333,447.0,454.0833333333333
212,10,13,25,25,0.0,0.0,465.0,401.0,504.0,420.0,504.0,420.0,504.0,420.0,,,,,0.0,0.0,451.65,449.85,464.4,463.2,459.05,461.05,457.4,459.6,452.94444444444446,460.3333333333333,447.0,454.0833333333333
213,10,14,25,25,0.0,0.0,447.0,435.0,451.0,468.0,452.0,470.0,452.0,473.0,452.0,472.0,452.0,472.0,0.0,0.0,451.65,449.85,464.4,463.2,459.05,461.05,457.4,459.6,452.94444444444446,460.3333333333333,447.0,454.0833333333333
214,10,15,25,25,0.0,0.0,407.0,457.0,425.0,496.0,423.0,496.0,423.0,496.0,423.0,496.0,,,0.0,0.0,451.65,449.85,464.4,463.2,459.05,461.05,457.4,459.6,452.94444444444446,460.3333333333333,447.0,454.0833333333333
215,10,16,25,25,0.0,0.0,442.0,431.0,468.0,472.0,468.0,471.0,468.0,471.0,468.0,471.0,,,0.0,0.0,451.65,449.85,464.4,463.2,459.05,461.05,457.4,459.6,452.94444444444446,460.3333333333333,447.0,454.0833333333333
216,10,17,25,25,0.0,0.0,470.0,391.0,503.0,420.0,505.0,427.0,505.0,427.0,505.0,427.0,,,0.0,0.0,451.65,449.85,464.4,463.2,459.05,461.05,457.4,459.6,452.94444444444446,460.3333333333333,447.0,454.0833333333333
217,10,18,25,25,0.0,0.0,443.0,455.0,452.0,463.0,454.0,465.0,455.0,466.0,455.0,468.0,452.0,468.0,0.0,0.0,451.65,449.85,464.4,463.2,459.05,461.05,457.4,459.6,452.94444444444446,460.3333333333333,447.0,454.0833333333333
218,10,19,25,25,0.0,0.0,481.0,443.0,491.0,448.0,481.0,447.0,477.0,448.0,477.0,448.0,470.0,448.0,0.0,0.0,451.65,449.85,464.4,463.2,459.05,461.05,457.4,459.6,452.94444444444446,460.3333333333333,447.0,454.0833333333333
219,10,20,25,25,0.0,0.0,429.0,464.0,455.0,470.0,454.0,457.0,455.0,457.0,455.0,459.0,455.0,459.0,0.0,0.0,451.65,449.85,464.4,463.2,459.05,461.05,457.4,459.6,452.94444444444446,460.3333333333333,447.0,454.0833333333333
220,11,1,25,30,0.0,0.0,362.0,499.0,381.0,512.0,381.0,532.0,381.0,532.0,381.0,532.0,381.0,532.0,0.0,0.0,413.9,485.7,425.5,490.45,421.75,486.2,416.45,482.6,411.5882352941176,482.7647058823529,409.1875,480.875
221,11,2,25,30,0.0,0.0,427.0,504.0,430.0,510.0,430.0,509.0,430.0,509.0,430.0,509.0,,,0.0,0.0,413.9,485.7,425.5,490.45,421.75,486.2,416.45,482.6,411.5882352941176,482.7647058823529,409.1875,480.875
222,11,3,25,30,0.0,0.0,468.0,418.0,483.0,431.0,477.0,418.0,457.0,404.0,446.0,399.0,431.0,390.0,0.0,0.0,413.9,485.7,425.5,490.45,421.75,486.2,416.45,482.6,411.5882352941176,482.7647058823529,409.1875,480.875
223,11,4,25,30,0.0,0.0,431.0,489.0,434.0,481.0,430.0,475.0,415.0,471.0,402.0,467.0,402.0,472.0,0.0,0.0,413.9,485.7,425.5,490.45,421.75,486.2,416.45,482.6,411.5882352941176,482.7647058823529,409.1875,480.875
224,11,5,25,30,0.0,0.0,359.0,533.0,366.0,535.0,368.0,529.0,368.0,529.0,368.0,529.0,368.0,529.0,0.0,0.0,413.9,485.7,425.5,490.45,421.75,486.2,416.45,482.6,411.5882352941176,482.7647058823529,409.1875,480.875
225,11,6,25,30,0.0,0.0,441.0,458.0,447.0,460.0,439.0,460.0,430.0,466.0,430.0,468.0,430.0,468.0,0.0,0.0,413.9,485.7,425.5,490.45,421.75,486.2,416.45,482.6,411.5882352941176,482.7647058823529,409.1875,480.875
226,11,7,25,30,0.0,0.0,389.0,493.0,413.0,498.0,413.0,487.0,403.0,472.0,403.0,471.0,403.0,471.0,0.0,0.0,413.9,485.7,425.5,490.45,421.75,486.2,416.45,482.6,411.5882352941176,482.7647058823529,409.1875,480.875
227,11,8,25,30,0.0,0.0,449.0,477.0,442.0,477.0,431.0,476.0,431.0,476.0,,,,,0.0,0.0,413.9,485.7,425.5,490.45,421.75,486.2,416.45,482.6,411.5882352941176,482.7647058823529,409.1875,480.875
228,11,9,25,30,0.0,0.0,425.0,437.0,468.0,454.0,477.0,455.0,476.0,455.0,475.0,455.0,475.0,455.0,0.0,0.0,413.9,485.7,425.5,490.45,421.75,486.2,416.45,482.6,411.5882352941176,482.7647058823529,409.1875,480.875
229,11,10,25,30,0.0,0.0,408.0,477.0,418.0,496.0,415.0,496.0,406.0,495.0,409.0,497.0,410.0,498.0,0.0,0.0,413.9,485.7,425.5,490.45,421.75,486.2,416.45,482.6,411.5882352941176,482.7647058823529,409.1875,480.875
230,11,11,25,30,0.0,0.0,441.0,465.0,451.0,459.0,417.0,435.0,402.0,413.0,402.0,413.0,402.0,412.0,0.0,0.0,413.9,485.7,425.5,490.45,421.75,486.2,416.45,482.6,411.5882352941176,482.7647058823529,409.1875,480.875
231,11,12,25,30,0.0,0.0,354.0,576.0,354.0,589.0,355.0,593.0,351.0,593.0,351.0,593.0,351.0,593.0,0.0,0.0,413.9,485.7,425.5,490.45,421.75,486.2,416.45,482.6,411.5882352941176,482.7647058823529,409.1875,480.875
232,11,13,25,30,0.0,0.0,402.0,507.0,412.0,485.0,413.0,461.0,413.0,464.0,413.0,471.0,414.0,471.0,0.0,0.0,413.9,485.7,425.5,490.45,421.75,486.2,416.45,482.6,411.5882352941176,482.7647058823529,409.1875,480.875
233,11,14,25,30,0.0,0.0,472.0,431.0,480.0,434.0,480.0,436.0,480.0,436.0,480.0,436.0,480.0,436.0,0.0,0.0,413.9,485.7,425.5,490.45,421.75,486.2,416.45,482.6,411.5882352941176,482.7647058823529,409.1875,480.875
234,11,15,25,30,0.0,0.0,388.0,499.0,410.0,519.0,407.0,518.0,407.0,518.0,,,,,0.0,0.0,413.9,485.7,425.5,490.45,421.75,486.2,416.45,482.6,411.5882352941176,482.7647058823529,409.1875,480.875
235,11,16,25,30,0.0,0.0,451.0,450.0,467.0,446.0,462.0,430.0,443.0,408.0,421.0,399.0,415.0,399.0,0.0,0.0,413.9,485.7,425.5,490.45,421.75,486.2,416.45,482.6,411.5882352941176,482.7647058823529,409.1875,480.875
236,11,17,25,30,0.0,0.0,454.0,451.0,454.0,434.0,448.0,436.0,448.0,436.0,,,,,0.0,0.0,413.9,485.7,425.5,490.45,421.75,486.2,416.45,482.6,411.5882352941176,482.7647058823529,409.1875,480.875
237,11,18,25,30,0.0,0.0,352.0,549.0,365.0,561.0,361.0,559.0,362.0,559.0,362.0,555.0,361.0,555.0,0.0,0.0,413.9,485.7,425.5,490.45,421.75,486.2,416.45,482.6,411.5882352941176,482.7647058823529,409.1875,480.875
238,11,19,25,30,0.0,0.0,474.0,436.0,498.0,450.0,494.0,446.0,489.0,446.0,487.0,445.0,487.0,445.0,0.0,0.0,413.9,485.7,425.5,490.45,421.75,486.2,416.45,482.6,411.5882352941176,482.7647058823529,409.1875,480.875
239,11,20,25,30,0.0,0.0,331.0,565.0,337.0,578.0,337.0,573.0,337.0,570.0,337.0,568.0,337.0,568.0,0.0,0.0,413.9,485.7,425.5,490.45,421.75,486.2,416.45,482.6,411.5882352941176,482.7647058823529,409.1875,480.875
240,12,1,30,15,0.0,0.0,510.0,322.0,549.0,379.0,548.0,379.0,546.0,379.0,547.0,379.0,547.0,379.0,0.0,0.0,590.9,286.0,611.25,301.9,602.8,302.2,599.05,302.55,597.05,303.6,593.2941176470588,304.05882352941177
241,12,2,30,15,0.0,0.0,609.0,303.0,617.0,307.0,608.0,308.0,601.0,308.0,601.0,308.0,,,0.0,0.0,590.9,286.0,611.25,301.9,602.8,302.2,599.05,302.55,597.05,303.6,593.2941176470588,304.05882352941177
242,12,3,30,15,0.0,0.0,597.0,292.0,599.0,292.0,585.0,290.0,586.0,290.0,583.0,294.0,583.0,294.0,0.0,0.0,590.9,286.0,611.25,301.9,602.8,302.2,599.05,302.55,597.05,303.6,593.2941176470588,304.05882352941177
243,12,4,30,15,0.0,0.0,545.0,348.0,560.0,359.0,556.0,359.0,558.0,360.0,558.0,360.0,558.0,360.0,0.0,0.0,590.9,286.0,611.25,301.9,602.8,302.2,599.05,302.55,597.05,303.6,593.2941176470588,304.05882352941177
244,12,5,30,15,0.0,0.0,561.0,304.0,550.0,323.0,540.0,323.0,540.0,324.0,540.0,339.0,540.0,339.0,0.0,0.0,590.9,286.0,611.25,301.9,602.8,302.2,599.05,302.55,597.05,303.6,593.2941176470588,304.05882352941177
245,12,6,30,15,0.0,0.0,586.0,335.0,598.0,339.0,574.0,339.0,563.0,339.0,563.0,339.0,563.0,339.0,0.0,0.0,590.9,286.0,611.25,301.9,602.8,302.2,599.05,302.55,597.05,303.6,593.2941176470588,304.05882352941177
246,12,7,30,15,0.0,0.0,538.0,295.0,611.0,301.0,602.0,301.0,598.0,301.0,598.0,301.0,598.0,301.0,0.0,0.0,590.9,286.0,611.25,301.9,602.8,302.2,599.05,302.55,597.05,303.6,593.2941176470588,304.05882352941177
247,12,8,30,15,0.0,0.0,633.0,266.0,654.0,276.0,652.0,276.0,652.0,277.0,652.0,277.0,644.0,277.0,0.0,0.0,590.9,286.0,611.25,301.9,602.8,302.2,599.05,302.55,597.05,303.6,593.2941176470588,304.05882352941177
248,12,9,30,15,0.0,0.0,548.0,249.0,632.0,272.0,632.0,272.0,632.0,272.0,630.0,272.0,630.0,272.0,0.0,0.0,590.9,286.0,611.25,301.9,602.8,302.2,599.05,302.55,597.05,303.6,593.2941176470588,304.05882352941177
249,12,10,30,15,0.0,0.0,667.0,197.0,712.0,199.0,642.0,199.0,598.0,199.0,569.0,199.0,565.0,199.0,0.0,0.0,590.9,286.0,611.25,301.9,602.8,302.2,599.05,302.55,597.05,303.6,593.2941176470588,304.05882352941177
250,12,11,30,15,0.0,0.0,588.0,289.0,604.0,322.0,608.0,322.0,608.0,324.0,609.0,326.0,609.0,326.0,0.0,0.0,590.9,286.0,611.25,301.9,602.8,302.2,599.05,302.55,597.05,303.6,593.2941176470588,304.05882352941177
251,12,12,30,15,0.0,0.0,578.0,298.0,605.0,311.0,606.0,311.0,609.0,311.0,609.0,311.0,609.0,311.0,0.0,0.0,590.9,286.0,611.25,301.9,602.8,302.2,599.05,302.55,597.05,303.6,593.2941176470588,304.05882352941177
252,12,13,30,15,0.0,0.0,604.0,262.0,654.0,272.0,654.0,272.0,658.0,272.0,658.0,272.0,658.0,272.0,0.0,0.0,590.9,286.0,611.25,301.9,602.8,302.2,599.05,302.55,597.05,303.6,593.2941176470588,304.05882352941177
253,12,14,30,15,0.0,0.0,608.0,274.0,628.0,301.0,631.0,301.0,623.0,301.0,623.0,301.0,,,0.0,0.0,590.9,286.0,611.25,301.9,602.8,302.2,599.05,302.55,597.05,303.6,593.2941176470588,304.05882352941177
254,12,15,30,15,0.0,0.0,613.0,294.0,628.0,305.0,622.0,305.0,619.0,307.0,618.0,307.0,618.0,307.0,0.0,0.0,590.9,286.0,611.25,301.9,602.8,302.2,599.05,302.55,597.05,303.6,593.2941176470588,304.05882352941177
255,12,16,30,15,0.0,0.0,652.0,229.0,665.0,244.0,664.0,244.0,663.0,244.0,661.0,244.0,657.0,244.0,0.0,0.0,590.9,286.0,611.25,301.9,602.8,302.2,599.05,302.55,597.05,303.6,593.2941176470588,304.05882352941177
256,12,17,30,15,0.0,0.0,657.0,253.0,659.0,265.0,644.0,266.0,637.0,266.0,634.0,266.0,634.0,266.0,0.0,0.0,590.9,286.0,611.25,301.9,602.8,302.2,599.05,302.55,597.05,303.6,593.2941176470588,304.05882352941177
257,12,18,30,15,0.0,0.0,562.0,286.0,527.0,302.0,527.0,302.0,527.0,302.0,527.0,302.0,527.0,302.0,0.0,0.0,590.9,286.0,611.25,301.9,602.8,302.2,599.05,302.55,597.05,303.6,593.2941176470588,304.05882352941177
258,12,19,30,15,0.0,0.0,609.0,289.0,617.0,293.0,613.0,294.0,615.0,294.0,615.0,294.0,,,0.0,0.0,590.9,286.0,611.25,301.9,602.8,302.2,599.05,302.55,597.05,303.6,593.2941176470588,304.05882352941177
259,12,20,30,15,0.0,0.0,553.0,335.0,556.0,376.0,548.0,381.0,548.0,381.0,546.0,381.0,546.0,381.0,0.0,0.0,590.9,286.0,611.25,301.9,602.8,302.2,599.05,302.55,597.05,303.6,593.2941176470588,304.05882352941177
260,13,1,30,20,0.0,0.0,499.0,308.0,546.0,361.0,544.0,361.0,544.0,361.0,544.0,361.0,,,0.0,0.0,530.75,356.15,543.85,369.9,542.35,369.5,541.5263157894736,369.8421052631579,540.8947368421053,369.05263157894734,543.1428571428571,366.85714285714283
261,13,2,30,20,0.0,0.0,527.0,377.0,527.0,380.0,525.0,377.0,525.0,373.0,525.0,373.0,525.0,373.0,0.0,0.0,530.75,356.15,543.85,369.9,542.35,369.5,541.5263157894736,369.8421052631579,540.8947368421053,369.05263157894734,543.1428571428571,366.85714285714283
262,13,3,30,20,0.0,0.0,587.0,335.0,598.0,335.0,599.0,335.0,597.0,336.0,597.0,336.0,597.0,336.0,0.0,0.0,530.75,356.15,543.85,369.9,542.35,369.5,541.5263157894736,369.8421052631579,540.8947368421053,369.05263157894734,543.1428571428571,366.85714285714283
263,13,4,30,20,0.0,0.0,537.0,374.0,529.0,389.0,520.0,388.0,521.0,388.0,521.0,388.0,521.0,388.0,0.0,0.0,530.75,356.15,543.85,369.9,542.35,369.5,541.5263157894736,369.8421052631579,540.8947368421053,369.05263157894734,543.1428571428571,366.85714285714283
264,13,5,30,20,0.0,0.0,597.0,306.0,588.0,309.0,589.0,309.0,595.0,311.0,594.0,311.0,594.0,311.0,0.0,0.0,530.75,356.15,543.85,369.9,542.35,369.5,541.5263157894736,369.8421052631579,540.8947368421053,369.05263157894734,543.1428571428571,366.85714285714283
265,13,6,30,20,0.0,0.0,456.0,441.0,457.0,447.0,457.0,447.0,457.0,447.0,457.0,447.0,,,0.0,0.0,530.75,356.15,543.85,369.9,542.35,369.5,541.5263157894736,369.8421052631579,540.8947368421053,369.05263157894734,543.1428571428571,366.85714285714283
266,13,7,30,20,0.0,0.0,503.0,347.0,520.0,395.0,520.0,397.0,520.0,397.0,520.0,397.0,,,0.0,0.0,530.75,356.15,543.85,369.9,542.35,369.5,541.5263157894736,369.8421052631579,540.8947368421053,369.05263157894734,543.1428571428571,366.85714285714283
267,13,8,30,20,0.0,0.0,609.0,284.0,649.0,276.0,646.0,277.0,645.0,276.0,645.0,276.0,,,0.0,0.0,530.75,356.15,543.85,369.9,542.35,369.5,541.5263157894736,369.8421052631579,540.8947368421053,369.05263157894734,543.1428571428571,366.85714285714283
268,13,9,30,20,0.0,0.0,526.0,383.0,532.0,387.0,528.0,386.0,528.0,386.0,528.0,386.0,528.0,386.0,0.0,0.0,530.75,356.15,543.85,369.9,542.35,369.5,541.5263157894736,369.8421052631579,540.8947368421053,369.05263157894734,543.1428571428571,366.85714285714283
269,13,10,30,20,0.0,0.0,521.0,355.0,551.0,364.0,554.0,364.0,547.0,358.0,547.0,356.0,547.0,356.0,0.0,0.0,530.75,356.15,543.85,369.9,542.35,369.5,541.5263157894736,369.8421052631579,540.8947368421053,369.05263157894734,543.1428571428571,366.85714285714283
270,13,11,30,20,0.0,0.0,552.0,346.0,551.0,355.0,551.0,355.0,,,,,,,0.0,0.0,530.75,356.15,543.85,369.9,542.35,369.5,541.5263157894736,369.8421052631579,540.8947368421053,369.05263157894734,543.1428571428571,366.85714285714283
271,13,12,30,20,0.0,0.0,509.0,342.0,521.0,369.0,521.0,369.0,521.0,371.0,522.0,372.0,529.0,378.0,0.0,0.0,530.75,356.15,543.85,369.9,542.35,369.5,541.5263157894736,369.8421052631579,540.8947368421053,369.05263157894734,543.1428571428571,366.85714285714283
272,13,13,30,20,0.0,0.0,501.0,350.0,519.0,371.0,507.0,368.0,504.0,364.0,492.0,353.0,492.0,353.0,0.0,0.0,530.75,356.15,543.85,369.9,542.35,369.5,541.5263157894736,369.8421052631579,540.8947368421053,369.05263157894734,543.1428571428571,366.85714285714283
273,13,14,30,20,0.0,0.0,495.0,438.0,485.0,441.0,485.0,436.0,486.0,437.0,486.0,437.0,486.0,437.0,0.0,0.0,530.75,356.15,543.85,369.9,542.35,369.5,541.5263157894736,369.8421052631579,540.8947368421053,369.05263157894734,543.1428571428571,366.85714285714283
274,13,15,30,20,0.0,0.0,515.0,362.0,550.0,371.0,547.0,371.0,547.0,373.0,547.0,373.0,547.0,373.0,0.0,0.0,530.75,356.15,543.85,369.9,542.35,369.5,541.5263157894736,369.8421052631579,540.8947368421053,369.05263157894734,543.1428571428571,366.85714285714283
275,13,16,30,20,0.0,0.0,536.0,373.0,550.0,391.0,550.0,391.0,550.0,391.0,550.0,391.0,550.0,391.0,0.0,0.0,530.75,356.15,543.85,369.9,542.35,369.5,541.5263157894736,369.8421052631579,540.8947368421053,369.05263157894734,543.1428571428571,366.85714285714283
276,13,17,30,20,0.0,0.0,513.0,380.0,515.0,395.0,514.0,396.0,514.0,396.0,514.0,396.0,,,0.0,0.0,530.75,356.15,543.85,369.9,542.35,369.5,541.5263157894736,369.8421052631579,540.8947368421053,369.05263157894734,543.1428571428571,366.85714285714283
277,13,18,30,20,0.0,0.0,542.0,300.0,578.0,319.0,593.0,319.0,593.0,319.0,593.0,319.0,593.0,319.0,0.0,0.0,530.75,356.15,543.85,369.9,542.35,369.5,541.5263157894736,369.8421052631579,540.8947368421053,369.05263157894734,543.1428571428571,366.85714285714283
278,13,19,30,20,0.0,0.0,606.0,309.0,618.0,313.0,617.0,314.0,616.0,314.0,616.0,314.0,616.0,314.0,0.0,0.0,530.75,356.15,543.85,369.9,542.35,369.5,541.5263157894736,369.8421052631579,540.8947368421053,369.05263157894734,543.1428571428571,366.85714285714283
279,13,20,30,20,0.0,0.0,484.0,413.0,493.0,430.0,480.0,430.0,479.0,429.0,479.0,426.0,479.0,421.0,0.0,0.0,530.75,356.15,543.85,369.9,542.35,369.5,541.5263157894736,369.8421052631579,540.8947368421053,369.05263157894734,543.1428571428571,366.85714285714283
280,14,1,30,25,0.0,0.0,478.0,434.0,489.0,444.0,486.0,442.0,481.0,439.0,479.0,433.0,477.0,425.0,0.0,0.0,497.25,410.25,498.0,415.95,491.25,413.85,485.63157894736844,412.7894736842105,483.77777777777777,409.94444444444446,473.45454545454544,410.1818181818182
281,14,2,30,25,0.0,0.0,545.0,366.0,551.0,369.0,553.0,367.0,549.0,364.0,552.0,364.0,552.0,364.0,0.0,0.0,497.25,410.25,498.0,415.95,491.25,413.85,485.63157894736844,412.7894736842105,483.77777777777777,409.94444444444446,473.45454545454544,410.1818181818182
282,14,3,30,25,0.0,0.0,527.0,374.0,535.0,396.0,537.0,402.0,537.0,396.0,538.0,396.0,,,0.0,0.0,497.25,410.25,498.0,415.95,491.25,413.85,485.63157894736844,412.7894736842105,483.77777777777777,409.94444444444446,473.45454545454544,410.1818181818182
283,14,4,30,25,0.0,0.0,514.0,413.0,506.0,416.0,489.0,415.0,476.0,412.0,476.0,412.0,,,0.0,0.0,497.25,410.25,498.0,415.95,491.25,413.85,485.63157894736844,412.7894736842105,483.77777777777777,409.94444444444446,473.45454545454544,410.1818181818182
284,14,5,30,25,0.0,0.0,524.0,376.0,531.0,376.0,531.0,376.0,,,,,,,0.0,0.0,497.25,410.25,498.0,415.95,491.25,413.85,485.63157894736844,412.7894736842105,483.77777777777777,409.94444444444446,473.45454545454544,410.1818181818182
285,14,6,30,25,0.0,0.0,457.0,442.0,464.0,448.0,469.0,449.0,468.0,448.0,469.0,444.0,469.0,444.0,0.0,0.0,497.25,410.25,498.0,415.95,491.25,413.85,485.63157894736844,412.7894736842105,483.77777777777777,409.94444444444446,473.45454545454544,410.1818181818182
286,14,7,30,25,0.0,0.0,470.0,427.0,462.0,429.0,451.0,427.0,447.0,423.0,447.0,423.0,,,0.0,0.0,497.25,410.25,498.0,415.95,491.25,413.85,485.63157894736844,412.7894736842105,483.77777777777777,409.94444444444446,473.45454545454544,410.1818181818182
287,14,8,30,25,0.0,0.0,492.0,439.0,492.0,447.0,482.0,446.0,481.0,446.0,,,,,0.0,0.0,497.25,410.25,498.0,415.95,491.25,413.85,485.63157894736844,412.7894736842105,483.77777777777777,409.94444444444446,473.45454545454544,410.1818181818182
288,14,9,30,25,0.0,0.0,497.0,401.0,490.0,406.0,482.0,405.0,482.0,405.0,482.0,405.0,,,0.0,0.0,497.25,410.25,498.0,415.95,491.25,413.85,485.63157894736844,412.7894736842105,483.77777777777777,409.94444444444446,473.45454545454544,410.1818181818182
289,14,10,30,25,0.0,0.0,394.0,501.0,401.0,517.0,402.0,513.0,402.0,514.0,402.0,514.0,402.0,514.0,0.0,0.0,497.25,410.25,498.0,415.95,491.25,413.85,485.63157894736844,412.7894736842105,483.77777777777777,409.94444444444446,473.45454545454544,410.1818181818182
290,14,11,30,25,0.0,0.0,509.0,412.0,519.0,414.0,520.0,416.0,520.0,415.0,520.0,415.0,,,0.0,0.0,497.25,410.25,498.0,415.95,491.25,413.85,485.63157894736844,412.7894736842105,483.77777777777777,409.94444444444446,473.45454545454544,410.1818181818182
291,14,12,30,25,0.0,0.0,512.0,362.0,491.0,391.0,473.0,386.0,470.0,386.0,460.0,385.0,458.0,385.0,0.0,0.0,497.25,410.25,498.0,415.95,491.25,413.85,485.63157894736844,412.7894736842105,483.77777777777777,409.94444444444446,473.45454545454544,410.1818181818182
292,14,13,30,25,0.0,0.0,495.0,461.0,459.0,444.0,444.0,426.0,439.0,412.0,435.0,407.0,435.0,407.0,0.0,0.0,497.25,410.25,498.0,415.95,491.25,413.85,485.63157894736844,412.7894736842105,483.77777777777777,409.94444444444446,473.45454545454544,410.1818181818182
293,14,14,30,25,0.0,0.0,512.0,390.0,514.0,394.0,510.0,396.0,510.0,394.0,504.0,394.0,503.0,394.0,0.0,0.0,497.25,410.25,498.0,415.95,491.25,413.85,485.63157894736844,412.7894736842105,483.77777777777777,409.94444444444446,473.45454545454544,410.1818181818182
294,14,15,30,25,0.0,0.0,508.0,424.0,497.0,433.0,467.0,425.0,462.0,401.0,458.0,400.0,458.0,400.0,0.0,0.0,497.25,410.25,498.0,415.95,491.25,413.85,485.63157894736844,412.7894736842105,483.77777777777777,409.94444444444446,473.45454545454544,410.1818181818182
295,14,16,30,25,0.0,0.0,460.0,414.0,471.0,418.0,468.0,418.0,468.0,418.0,468.0,418.0,,,0.0,0.0,497.25,410.25,498.0,415.95,491.25,413.85,485.63157894736844,412.7894736842105,483.77777777777777,409.94444444444446,473.45454545454544,410.1818181818182
296,14,17,30,25,0.0,0.0,367.0,529.0,372.0,545.0,372.0,544.0,374.0,545.0,374.0,545.0,374.0,545.0,0.0,0.0,497.25,410.25,498.0,415.95,491.25,413.85,485.63157894736844,412.7894736842105,483.77777777777777,409.94444444444446,473.45454545454544,410.1818181818182
297,14,18,30,25,0.0,0.0,557.0,394.0,561.0,390.0,562.0,390.0,562.0,390.0,562.0,390.0,,,0.0,0.0,497.25,410.25,498.0,415.95,491.25,413.85,485.63157894736844,412.7894736842105,483.77777777777777,409.94444444444446,473.45454545454544,410.1818181818182
298,14,19,30,25,0.0,0.0,585.0,322.0,586.0,321.0,581.0,316.0,581.0,317.0,577.0,317.0,577.0,317.0,0.0,0.0,497.25,410.25,498.0,415.95,491.25,413.85,485.63157894736844,412.7894736842105,483.77777777777777,409.94444444444446,473.45454545454544,410.1818181818182
299,14,20,30,25,0.0,0.0,542.0,324.0,569.0,321.0,546.0,318.0,518.0,318.0,505.0,317.0,503.0,317.0,0.0,0.0,497.25,410.25,498.0,415.95,491.25,413.85,485.63157894736844,412.7894736842105,483.77777777777777,409.94444444444446,473.45454545454544,410.1818181818182
300,15,1,30,30,0.0,0.0,453.0,422.0,461.0,406.0,429.0,392.0,421.0,391.0,418.0,392.0,418.0,392.0,0.0,0.0,454.1,444.7,459.85,449.5,451.4,444.05,446.1578947368421,439.7894736842105,449.4117647058824,434.6470588235294,436.07142857142856,446.0
301,15,2,30,30,0.0,0.0,447.0,465.0,450.0,469.0,450.0,466.0,450.0,464.0,450.0,464.0,450.0,464.0,0.0,0.0,454.1,444.7,459.85,449.5,451.4,444.05,446.1578947368421,439.7894736842105,449.4117647058824,434.6470588235294,436.07142857142856,446.0
302,15,3,30,30,0.0,0.0,332.0,510.0,346.0,544.0,344.0,542.0,344.0,543.0,344.0,543.0,344.0,543.0,0.0,0.0,454.1,444.7,459.85,449.5,451.4,444.05,446.1578947368421,439.7894736842105,449.4117647058824,434.6470588235294,436.07142857142856,446.0
303,15,4,30,30,0.0,0.0,481.0,394.0,476.0,408.0,444.0,404.0,424.0,376.0,424.0,367.0,419.0,367.0,0.0,0.0,454.1,444.7,459.85,449.5,451.4,444.05,446.1578947368421,439.7894736842105,449.4117647058824,434.6470588235294,436.07142857142856,446.0
304,15,5,30,30,0.0,0.0,449.0,443.0,442.0,450.0,436.0,448.0,442.0,448.0,442.0,448.0,442.0,448.0,0.0,0.0,454.1,444.7,459.85,449.5,451.4,444.05,446.1578947368421,439.7894736842105,449.4117647058824,434.6470588235294,436.07142857142856,446.0
305,15,6,30,30,0.0,0.0,441.0,436.0,454.0,442.0,452.0,439.0,449.0,434.0,449.0,434.0,449.0,434.0,0.0,0.0,454.1,444.7,459.85,449.5,451.4,444.05,446.1578947368421,439.7894736842105,449.4117647058824,434.6470588235294,436.07142857142856,446.0
306,15,7,30,30,0.0,0.0,480.0,413.0,483.0,387.0,456.0,354.0,457.0,354.0,458.0,354.0,458.0,354.0,0.0,0.0,454.1,444.7,459.85,449.5,451.4,444.05,446.1578947368421,439.7894736842105,449.4117647058824,434.6470588235294,436.07142857142856,446.0
307,15,8,30,30,0.0,0.0,463.0,475.0,442.0,474.0,408.0,468.0,407.0,465.0,406.0,464.0,406.0,464.0,0.0,0.0,454.1,444.7,459.85,449.5,451.4,444.05,446.1578947368421,439.7894736842105,449.4117647058824,434.6470588235294,436.07142857142856,446.0
308,15,9,30,30,0.0,0.0,466.0,456.0,470.0,450.0,468.0,449.0,466.0,444.0,466.0,444.0,466.0,444.0,0.0,0.0,454.1,444.7,459.85,449.5,451.4,444.05,446.1578947368421,439.7894736842105,449.4117647058824,434.6470588235294,436.07142857142856,446.0
309,15,10,30,30,0.0,0.0,362.0,519.0,387.0,519.0,387.0,518.0,387.0,518.0,,,,,0.0,0.0,454.1,444.7,459.85,449.5,451.4,444.05,446.1578947368421,439.7894736842105,449.4117647058824,434.6470588235294,436.07142857142856,446.0
310,15,11,30,30,0.0,0.0,494.0,417.0,496.0,419.0,496.0,419.0,,,,,,,0.0,0.0,454.1,444.7,459.85,449.5,451.4,444.05,446.1578947368421,439.7894736842105,449.4117647058824,434.6470588235294,436.07142857142856,446.0
311,15,12,30,30,0.0,0.0,392.0,493.0,416.0,516.0,416.0,518.0,416.0,518.0,416.0,518.0,416.0,518.0,0.0,0.0,454.1,444.7,459.85,449.5,451.4,444.05,446.1578947368421,439.7894736842105,449.4117647058824,434.6470588235294,436.07142857142856,446.0
312,15,13,30,30,0.0,0.0,422.0,498.0,421.0,509.0,421.0,499.0,418.0,474.0,418.0,472.0,,,0.0,0.0,454.1,444.7,459.85,449.5,451.4,444.05,446.1578947368421,439.7894736842105,449.4117647058824,434.6470588235294,436.07142857142856,446.0
313,15,14,30,30,0.0,0.0,477.0,447.0,472.0,447.0,456.0,444.0,446.0,436.0,,,,,0.0,0.0,454.1,444.7,459.85,449.5,451.4,444.05,446.1578947368421,439.7894736842105,449.4117647058824,434.6470588235294,436.07142857142856,446.0
314,15,15,30,30,0.0,0.0,421.0,489.0,445.0,496.0,440.0,488.0,435.0,488.0,435.0,488.0,435.0,488.0,0.0,0.0,454.1,444.7,459.85,449.5,451.4,444.05,446.1578947368421,439.7894736842105,449.4117647058824,434.6470588235294,436.07142857142856,446.0
315,15,16,30,30,0.0,0.0,517.0,379.0,523.0,383.0,522.0,383.0,522.0,384.0,522.0,384.0,,,0.0,0.0,454.1,444.7,459.85,449.5,451.4,444.05,446.1578947368421,439.7894736842105,449.4117647058824,434.6470588235294,436.07142857142856,446.0
316,15,17,30,30,0.0,0.0,586.0,294.0,592.0,308.0,590.0,298.0,590.0,289.0,590.0,289.0,,,0.0,0.0,454.1,444.7,459.85,449.5,451.4,444.05,446.1578947368421,439.7894736842105,449.4117647058824,434.6470588235294,436.07142857142856,446.0
317,15,18,30,30,0.0,0.0,451.0,441.0,452.0,455.0,451.0,453.0,451.0,452.0,451.0,452.0,451.0,452.0,0.0,0.0,454.1,444.7,459.85,449.5,451.4,444.05,446.1578947368421,439.7894736842105,449.4117647058824,434.6470588235294,436.07142857142856,446.0
318,15,19,30,30,0.0,0.0,475.0,464.0,479.0,459.0,477.0,458.0,477.0,458.0,477.0,458.0,477.0,458.0,0.0,0.0,454.1,444.7,459.85,449.5,451.4,444.05,446.1578947368421,439.7894736842105,449.4117647058824,434.6470588235294,436.07142857142856,446.0
319,15,20,30,30,0.0,0.0,473.0,439.0,490.0,449.0,485.0,441.0,475.0,420.0,474.0,418.0,474.0,418.0,0.0,0.0,454.1,444.7,459.85,449.5,451.4,444.05,446.1578947368421,439.7894736842105,449.4117647058824,434.6470588235294,436.07142857142856,446.0
